company,phone,website,address,category,rating,reviews,score,source,status
Оптовый Склад,+7 777 021 0404,,"Кульджинский тракт 12, Алматы 050019, Казахстан",Торговый центр,4.3,101,45,google_maps_apify,new
"ИП ""ОПТОВЫЙ СКЛАД АЛМАТЫ""",+7 707 578 5902,http://www.opt-market.kz/,"пр-т. Турара Рыскулова 202, Алматы, Казахстан",Магазин товаров для ресторанов,3,2,15,google_maps_apify,new
"Универсальный оптово-торговый комплекс ""Барыс IV""",,,"улица Розыбакиева 4, Алматы, Казахстан",Оптовая торговля,4.5,17,15,google_maps_apify,new
Оптовка Барыс,,,"7V5Q+95M, Алматы, Казахстан",Магазин,4.1,4488,75,google_maps_apify,new
ОПТОВЫЙ СКЛАД АЛМАТЫ,+7 707 370 8128,,"ул. Москвина, 19, 2 линия 10 склад, Алматы 480000, Казахстан",Офис компании,3,2,15,google_maps_apify,new
Оптомаркет Евразия,,,"просп. Суюнбая 631, Алматы 050000, Казахстан",Супермаркет,4.4,238,45,google_maps_apify,new
METRO Алматы,+7 777 009 1344,https://www.metro-kz.com/magaziny/almaty?utm_source=gmb&utm_medium=organic&utm_content=website&utm_term=ALMATY,"улица Саина 16, Алматы 050031, Казахстан",Оптовая торговля,4.3,3922,75,google_maps_apify,new
Arzan Almaty Optom,+7 702 151 5880,https://taplink.cc/arzan.optom.almaty,"Северное Кольцо 68/3, Алматы, Казахстан",Оптовый продавец одежды,4.2,9,15,google_maps_apify,new
Phaeton DC,+7 727 356 0560,http://www.phaeton.kz/,"мкр. Колхозшы 4, Алматы 050039, Казахстан",Магазин автозапчастей,4.5,421,45,google_maps_apify,new
"""Индийский трикотаж"" оптовый склад",+7 707 419 2797,,"улица Толе Би 286/3, Алматы 050000, Казахстан",Магазин одежды,5,14,15,google_maps_apify,new
Оптовка,,https://2gis.kz/almaty/firm/9429940000801948,"ул. Тимирязева 101, Алматы 050060, Казахстан",Хозяйственный магазин,4.5,496,45,google_maps_apify,new
Носки Оптом Алматы,+7 708 242 5553,,"7VFJ+CCQ, Ул Бердыгулова, Алматы 050058, Казахстан",Продуктовый рынок,4.6,19,15,google_maps_apify,new
КАНЦTREND - Оптовый склад,+7 708 709 7060,https://www.instagram.com/kanstovar_almaty/,"ул. Бокейханова 514/1, Алматы 050000, Казахстан",Магазин товаров для дома,4,4,15,google_maps_apify,new
"Оптовый склад ""ТЕКСТИЛЯ""",+7 707 773 1376,http://wa.me/+77077731376,"корпус, С, ул.Бекболата 2/91 рынок Ожет, Алматы 050024, Казахстан",Магазин постельного белья,5,4,15,google_maps_apify,new
TOIMART,+7 800 070-01-42,https://www.toimart.kz/,"улица Розыбакиева 4, Алматы 050009, Казахстан",Супермаркет,4.3,4884,75,google_maps_apify,new
Оптовый склад Second Hand,+7 747 319 9154,https://second-hend.kz/,"улица Брюсова 4/35, Алматы 050000, Казахстан",Секонд-хенд,5,6,15,google_maps_apify,new
Торговый Центр Евразия Remax,+7 708 158 5050,,"ТРЦ Евразия барахолка Remax оптовый магазин 104, Алматы, Казахстан",Оптовая продажа бытовой техники,4.8,8,15,google_maps_apify,new
Almatyoptovka. Kz,+7 705 413 4864,,"улица Розыбакиева 19, Алматы 050009, Казахстан",Продуктовый рынок,5,8,15,google_maps_apify,new
Кенжехан базары,+7 707 869 7371,,"8W93+R9C, Алматы, Казахстан",Рынок,4.1,7235,90,google_maps_apify,new
Aakids Детская Одежда Оптом Алматы,+7 777 826 9696,,"8V4V+JGX, Алматы, Казахстан",Оптовый рынок,4.7,18,15,google_maps_apify,new
Оптовый Ковровый Склад,+7 747 646 4069,https://instagram.com/kovry_v_almaty_1111?igshid=16pfoz11o8v4r,"508рынок Салем, ул. Бокейханова, Алматы 050015, Казахстан",Магазин ковров,4.3,6,15,google_maps_apify,new
Бытовая химия оптом / ИП Оптовка,+7 707 656 9121,,"склады Карагай, Ауэзова 3г/7 Ауэзова 3г, Алматы 050009, Казахстан",Оптовая торговля,5,1,15,google_maps_apify,new
ILKAM,+7 707 851 1082,https://ilkam.kz/product_list,"ул. Гете 237 (перед приездом звоните!, Алматы 050054, Казахстан",Оптовая торговля,5,2,15,google_maps_apify,new
"ТОО ""Резервснаб плюс""",+7 727 356 0707,http://rsp.com.kz/,"просп. Суюнбая 497, Алматы 050030, Казахстан",Оптовая торговля,4,4,15,google_maps_apify,new
Ocean Fresh Group,+7 701 493 4155,https://oceanfresh.kz/,"43, 9800475 050056, Казахстан",Свежие продукты,5,2,15,google_maps_apify,new
SOZO,+7 701 772 7041,http://sozollp.kz/,"просп. Суюнбая 495В, Алматы 050000, Казахстан",Оптовая торговля за наличный расчёт без доставки товара,5,1,15,google_maps_apify,new
Fish&ka магазин морепродуктов,+7 707 635 2690,https://instagram.com/fishka__magazin?igshid=MzRlODBiNWFlZA==,"просп. Суюнбая 411, Алматы 050016, Казахстан",Магазин замороженных продуктов,4.4,9,15,google_maps_apify,new
Строительный магазин Все для дома,+7 705 143 1515,,"просп. Суюнбая 152б, Алматы, Казахстан",Магазин строительных товаров,4.3,20,30,google_maps_apify,new
ЕТС-Казахстан,+7 727 346 6614,https://utsrus.com/,"ул. Домбровского 3/1, Алматы 050039, Казахстан",Оптовая продажа химикатов,3.4,15,15,google_maps_apify,new
Башмак.кз,+7 727 329 3951,http://bashmak.kz/,"8XMJ+C55, Алматы, Казахстан",Обувной магазин,4,13,15,google_maps_apify,new
Volna,+7 775 007 0795,https://www.volna.kz/,"ул. Хмельницкого 36/1, Алматы 050056, Казахстан",Пивной магазин,1,1,15,google_maps_apify,new
Alma Global,+7 771 191 6364,,"ул. Бекмаханова 96, Алматы 050030, Казахстан",Оптовая продажа фруктов,,0,15,google_maps_apify,new
Book24,+7 777 007 6633,,"ул.Домбровского 3 «А», ул. Домбровского 3, Алматы 050039, Казахстан",Интернет-магазин,4.5,15,15,google_maps_apify,new
Deemax,+7 777 722 2226,http://www.deemax.kz/,"ул. Гёте 289, Алматы 050039, Казахстан",Интернет-магазин,5,1,15,google_maps_apify,new
ТМ «Tecata» - светодиодные лампы,+7 707 227 0701,,"ул.Ибрагимова 9а (СЭЗ ПИТ Медеуский район, мкр.Алатау ТОО ""DS Multimedia CA, Алматы 050032, Казахстан",Магазин осветительных приборов,4.7,9,15,google_maps_apify,new
"Жана Кенсе: канцтовары, магнитно-маркерные доски в Алматы",+7 702 206 9664,,"ул. Суонио 57/1, Алматы 050000, Казахстан",Магазин канцелярских товаров,,0,15,google_maps_apify,new
ARMTEK,+7 771 752 7600,https://armtek.kz/,"просп. Суюнбая 258/4, Алматы 050030, Казахстан",Магазин автозапчастей,4.3,395,45,google_maps_apify,new
Автозапчасти оптом,+7 727 327 8575,,"просп. Суюнбая 497, Алматы, Казахстан",,,0,15,google_maps_apify,new
ТОО МегаКлимат,+7 705 755 7212,http://www.megaklimat.kz/,"ул. Илийский Тракт 37, Алматы 050000, Казахстан",Магазин кондиционеров,4.7,6,15,google_maps_apify,new
Пакеты и пленка «Sheykh»,+7 700 000 0027,https://sheykh.kz/,"просп. Суюнбая 312, Алматы 050030, Казахстан",Поставщик пластиковых пакетов,,0,15,google_maps_apify,new
Фармацевтическая компания ТОО «Медоптик»,+7 727 383 2202,http://www.medoptic.kz/,"ул. Огарева, 2 «Б», Алматы 050039, Казахстан",Производитель,4.8,5,15,google_maps_apify,new
Аптечный Склад,+7 727 386 1731,,"ул. Монтажная 10, Алматы, Казахстан",Аптека,3.5,4,15,google_maps_apify,new
ЭЙКОС,+7 7272 90 28 22,https://www.aikos.kz/,"просп. Суюнбая 284, Алматы 050030, Казахстан",Магазин шин и дисков,4.3,4,15,google_maps_apify,new
Химреактивы,+7 7272 39 35 75,http://www.himco.kz/contact,"просп. Суюнбая д. 283, Алматы, Казахстан",Поставщик лабораторного оборудования,,0,15,google_maps_apify,new
Продовольственный рынок,,,"5WW4+WG7, улица Жарокова, Алматы, Казахстан",Фермерский рынок,4.2,571,60,google_maps_apify,new
Морской Урожай,+7 702 233 6927,,":Жандарбекова 128, Алматы 050060, Казахстан",Оптовая продажа морепродуктов,4.5,111,45,google_maps_apify,new
Стрейч пленка оптом в Алматы - Polyten.KZ,+7 700 151 5270,,"ул. Лизы Чайкиной 14, Алматы 050020, Казахстан",Поставщик полиэтиленовой и полимерной плёнки,5,3,15,google_maps_apify,new
DVG Service,+7 777 170 6761,https://dvg.kz/,"улица Таттимбета, 340, Улица Чайкиной 14, Алматы 050020, Казахстан",Компьютерный магазин,5,1,15,google_maps_apify,new
Кенжехан вещевой Рынок,+7 702 183 8121,,"8WC3+M53, Алматы, Казахстан",Рынок,4.2,2141,75,google_maps_apify,new
Passo Chantal Almaty,+7 701 947 0301,,"ул. Северное Кольцо, 118/4, рынок Кежехан-2, Алматы 050024, Казахстан",Оптовый продавец одежды,5,3,15,google_maps_apify,new
Мизам,+7 700 094 0094,,"8V4W+Q6H, Алматы, Казахстан",Рынок,4,1966,75,google_maps_apify,new
Торгoвое Оборудование / манекены / ресепшн / Экономпанели / TM Company,+7 701 254 9975,http://instagram.com/tm.maneken/,"Ул Бекболата 2/3, Алматы 050021, Казахстан",Поставщик оборудования для магазинов,4.7,12,15,google_maps_apify,new
"Социальный оптово-розничный рынок ""Самал""",,,"9W2H+HP5, Алматы, Казахстан",Торговый центр,4.4,441,45,google_maps_apify,new
Рынок Автозапчастей Кенжехан 2,+7 705 154 3272,,"8WC3+C2R, Алматы, Казахстан",Торговый центр,4.2,2803,75,google_maps_apify,new
Optom Almaty Istanbul,+7 707 710 5999,https://instagram.com/optom_almaty_istanbul?utm_medium=copy_link,"Северное Кольцо 36г/1, Алматы, Казахстан",Магазин одежды,5,8,15,google_maps_apify,new
"""Кенжехан"" 13-14ряд/2контейнер",+7 702 258 1208,,"8WC3+97J, Алматы, Казахстан",Рынок,4.2,3606,75,google_maps_apify,new
КОЛГОТКИ LAND,+7 747 279 2979,,"Северное кольцо рынок Кенжехан-2 2ряд 38место, 3ряд 38место, Алматы, Казахстан",Оптовая торговля,,0,15,google_maps_apify,new
"Оптомаркет ""Кокжиек""",,,"9W48+8RQ, Алматы, Казахстан",Магазин,4.6,130,45,google_maps_apify,new
Детская Одежда Оптом ErkemaiShop,+7 747 272 0662,,"Северное кольцо, 36г ТЦ ""Laleli Plaza"" 1 этаж, 49-50 бутик, ErkemaiShop, Алматы, Казахстан",Оптовый продавец одежды,5,5,15,google_maps_apify,new
Optom Kenjehan,+7 708 805 0451,,"шоссе Северное Кольцо, 120/4, ТД Тянь Шань, 8 ряд, 32 бутик, Алматы 050028, Казахстан",Магазин одежды,5,5,15,google_maps_apify,new
TOIMART,+7 800 070-01-42,https://www.toimart.kz/,"Бекболата ул. 2/91, Алматы 050024, Казахстан",Супермаркет,4.6,81,30,google_maps_apify,new
EG Clothing,+7 701 734 9712,http://www.instagram.com/egofficial_optom/,"Северное кольцо 120/4, ТД ТЯНЬ-ШАНЬ 8 ряд, бутик 19-23, Алматы 050024, Казахстан",Оптовый продавец одежды,5,1,15,google_maps_apify,new
"Посуда Кенжехан-2, Ряд-15, Контейнер41",,,"8WC3+W5R, Алматы, Казахстан",Рынок,4.2,495,45,google_maps_apify,new
Оптом домашний текстиль,+7 771 410 0204,http://optom-textile.tilda.ws/,"Северное Кольцо 92, Алматы, Казахстан",Оптовая торговля,,0,15,google_maps_apify,new
Детская одежда оптом Алматы Cool kids,+7 700 296 9205,https://www.instagram.com/coolkids_odejda_optom_,"ул. Северное Кольцо, 118/4, ТЦ Laleli Plaza, 1 этаж, 22 бутик, Алматы 050024, Казахстан",Магазин детской одежды,5,4,15,google_maps_apify,new
Passo Chantal (Madame Chantal CHMD),+7 701 743 3125,https://www.madame-chantal.kz/,"9 павильон, Северное кольцо 118/4, Рынок Кенжехан-2, 17 ряд, Алматы 050024, Казахстан",Магазин одежды,5,2,15,google_maps_apify,new
детская одежда оптом SAKURA KIDS,+7 776 284 7343,https://instagram.com/optom.sakura.kids?igshid=NTdlMDg3MTY=,"8WF2+34, Алматы, Казахстан",Магазин детской одежды,5,2,15,google_maps_apify,new
"Оптово-Розничный Павильон №4 Продовольственная компания ""Изобилие""",+7 778 922 2929,,"6VRR+HMF, улица Радостовца, Алматы 050000, Казахстан",Продовольственный магазин,5,1,15,google_maps_apify,new
ТОО АКЭТО,+7 707 095 0097,https://aketo.kz/,"ул. Павлодарская 82, Алматы, Казахстан",Оптовая торговля,4,6,15,google_maps_apify,new
SMALL,+7 800 070-71-70,https://small.kz/ru/almaty,"Северное Кольцо 99/4, Алматы 050048, Казахстан",Супермаркет,4.3,1337,75,google_maps_apify,new
BAURAMIX market,+7 775 107 7707,https://bauramix.kz/,"улица Бурундайская 16, Алматы 050048, Казахстан",Оптовая продажа строительных материалов,5,6,15,google_maps_apify,new
"Ярмарка ""Турксиб""",+7 701 722 9495,https://instagram.com/turksib_yarmarka_almaty,"просп. Суюнбая 261, Алматы 050054, Казахстан",Рынок,4.4,6846,90,google_maps_apify,new
Оптомаркет Мирас.,,,"9W3W+PR5, Алматы, Казахстан",Продовольственный магазин,4.2,292,45,google_maps_apify,new
Продукты,,,"8XXP+2M7, ул. Лавренева, Алматы, Казахстан",Продовольственный магазин,4.3,258,45,google_maps_apify,new
Морепродукты в Алматы / Ice Fish,+7 771 400 4222,https://icefish.kz/,"ул. Рихарда Зорге 18/1, Алматы, Казахстан",Рыбный магазин,4.4,26,30,google_maps_apify,new
Оптовый склад Auterra - запчасти по вин коду.,+7 747 377 7003,,"Алматы, Алатауский район, Казмис 1/3, улица Тобылгысай 6, Алматы 055551, Казахстан",Магазин автозапчастей,5,16,15,google_maps_apify,new
Минимаркет,+7 705 761 8170,,"Микрорайон 3-й, 7А, Алматы 050062, Казахстан",Оптовый магазин продуктов питания,5,1,15,google_maps_apify,new
Arlan,+7 707 400 4170,,"пр-т. Райымбека 455a, Алматы 050061, Казахстан",Магазин,4.6,325,45,google_maps_apify,new
"Рынок ""Тастак"" 12 Бутик Электротовары",+7 708 671 9050,,"улица Толе Би 270, Алматы, Казахстан",Рынок,4.2,6789,90,google_maps_apify,new
A-Store,+7 727 330 9777,http://a-store.kz/,"ул. Сатпаева 90В, Алматы 050000, Казахстан",Гипермаркет,4.4,4056,75,google_maps_apify,new
Samala,,,"Нұркент 5/33б, Алматы 050038, Казахстан",Оптовый магазин продуктов питания,,0,15,google_maps_apify,new
Таза-Line,+7 702 011 1149,,"п87, улица Сулейменова 25, Алматы 050042, Казахстан",Магазин товаров для дома,4.6,91,30,google_maps_apify,new
Volna,+7 775 007 0795,https://www.volna.kz/,"микрорайон Мамыр-1 2, Алматы 040212, Казахстан",Пивной магазин,4.7,313,45,google_maps_apify,new
Белорусские продукты,,,"дом 28, Алматы, Казахстан",Продовольственный магазин,4.8,9,15,google_maps_apify,new
Белорусские продукты № 1,+7 705 739 8000,https://belostan.kz/,"жк Мирный, улица Сулейменова 17, Алматы 050043, Казахстан",Колбасные изделия,,0,15,google_maps_apify,new
Мир Игрушек,+7 707 380 2060,http://www.mirigrushek.kz/,"улица Навои, Алматы, Казахстан",Магазин игрушек,4.2,68,30,google_maps_apify,new
Индийский Трикотаж,+7 707 221 3299,,"микрорайон Мамыр-1 2, д. 3, Алматы, Казахстан",Магазин,4.1,23,30,google_maps_apify,new
Магазин подарков Red Box,+7 701 728 8333,http://red-box.kz/,"ул. Шмелева 78, Алматы 050000, Казахстан",Магазин подарков,4.9,240,45,google_maps_apify,new
Носки трусы оптом,+7 702 702 7771,https://instagram.com/asd_noski_kz?utm_medium=copy_link,"Бекболата 1B, рынок Ожет, ряд 8, контеинер 142, Алматы 050024, Казахстан",Магазин,4,2,15,google_maps_apify,new
"Магазин ""Ароматный Мир""",+7 706 663 1438,http://aromatniymir.kz/,"улица Гоголя 192, Алматы 050000, Казахстан",Магазин спиртных напитков,4.7,725,60,google_maps_apify,new
Оптовый склад спецодежды в Алматы,+7 707 834 7840,http://specodezhda-v-almaty.kz/,"Ул.ташкентский 225, Алматы 050016, Казахстан",Склад,5,6,15,google_maps_apify,new
AVINA оптовый склад,+7 778 200 0380,,"Весновка 12, Алматы, Казахстан",Склад,5,5,15,google_maps_apify,new
ПРОДУКТЫ ПИТАНИЯ В АЛМАТЫ,+7 7272 47 78 60,https://bonfood.kz/,"ул. имени Куприна, Алматы 050000, Казахстан",Оптовая торговля,4.3,7,15,google_maps_apify,new
Оптовый Склад Сантехники,+7 747 399 2629,,"Москвина 7, ТЦ Адем, G1-31, Алматы 050024, Казахстан",Магазин сантехники,5,4,15,google_maps_apify,new
Игрушки Оптом в Алматы,+7 707 224 8222,http://toytoystore.kz/,"город, пр-т. Райымбека 232, Алматы 050000, Казахстан",Магазин игрушек,5,3,15,google_maps_apify,new
"Оптовый Магазин ВЕТОШЬИ, БЯЗИ, ВАФЕЛЬНОЕ ТКАНЬ , МАРЛЯ, ВЕНИК - НУР-АЙ ТРЭЙД НДС ЭСФ",+7 700 088 8887,http://nuraytreyd.kz/,"Шоссейная 74а, Алматы 050058, Казахстан",Хозяйственный магазин,5,12,15,google_maps_apify,new
"Оптом Хозтовары, подгузники и многое другое",+7 747 618 5717,,"Отеген Батыр 92А, Алматы 050062, Казахстан",Оптовая торговля,,0,15,google_maps_apify,new
Алматинский Торговый Склад,+7 727 382 9475,,"улица Ангарская 87, Алматы, Казахстан",Магазин холодильников,3.8,69,30,google_maps_apify,new
Обувь оптом,+7 702 488 7210,,"Рынок ожет, Бекболата улица 1, Алматы 050008, Казахстан",Оптовая торговля,5,4,15,google_maps_apify,new
ТОО Дэльма,+7 705 664 4446,https://delma.all.biz/?utm_source=google&utm_medium=gmb&utm_term=gmb,"пр-т. Райымбека д. 212, Алматы 050000, Казахстан",Оптовая торговля,1,2,15,google_maps_apify,new
"Snab Day, ""ТОО"" БЫТОВАЯ ХИМИЯ С ДОСТАВКОЙ АЛМАТЫ ПО НИЗКИМ ЦЕНАМ ОПТОМ И В РОЗНИЦУ!",+7 701 926 6626,https://snabday.kz/,"ул. Сыздыкова 53, Алматы 050038, Казахстан",Поставщик бытовой химии,4.6,25,30,google_maps_apify,new
Торговая компания «AISULU»Сеть магазинов оборудования и косметики для салонов красоты,+7 7272 25 59 76,http://aisulu.kz/,"ул. Тимирязева 59, Алматы 050012, Казахстан",Магазин товаров для парикмахерских,4.4,149,45,google_maps_apify,new
Оптовый Магазин Носков,+7 702 667 7067,,"Шоссе северное кольцо,76/3 ТК Мизам 1, ряд 6, Бутик 13, Алматы 050024, Казахстан",Оптовый продавец одежды,,0,15,google_maps_apify,new
АРИЯ Рынок Ужет 8 Ряд 81А,+7 705 223 5596,,"8V5V+7GC, Алматы, Казахстан",Магазин одежды,4.7,47,30,google_maps_apify,new
"улица Розыбакиева 25, Алматы",,,"улица Розыбакиева 25, Алматы, Казахстан",Рынок,4.3,57,30,google_maps_apify,new
Анель,+7 727 376 5723,,"6V7R+923, улица Байкадамова, Алматы 050060, Казахстан",Поставщик продуктов питания,4.2,28,30,google_maps_apify,new
УЮТ - Мебель и товары для дома ИКЕА,+7 777 355 7055,https://kaspi.kz/shop/search/?text=ikea&q=%3AavailableInZones%3AMagnum_ZONE1%3Acategory%3ACategories%3AallMerchants%3AWmart&sort=relevance&filteredByCategory=false&sc=,"улица Розыбакиева 281, Алматы 050060, Казахстан",Магазин товаров для дома,4.5,786,60,google_maps_apify,new
UTI-PUTI,+7 707 584 9803,https://uti-puti.kz/,"улица Навои 6, Алматы 050043, Казахстан",Магазин детской одежды,4.4,226,45,google_maps_apify,new
Алкомаркет,,,"улица Розыбакиева 273-279, Алматы 050060, Казахстан",Оптовая продажа алкогольных напитков,3.8,13,15,google_maps_apify,new
AND Asia краски оптом Казахстан для бизнеса и дилеров,+7 727 347 5555,https://an-d.asia/,"ул. Рымжанова 35, Алматы, Казахстан",Оптовая торговля,,0,15,google_maps_apify,new
Группа интернет-магазинов GiX,+7 777 022 3445,,"Даулеткерея 57, Алматы, Казахстан",Офис компании,4.5,13,15,google_maps_apify,new
Kilem Saray,+7 708 972 9494,,"Мамыр 1-й мкрорайон, 21/2, Алматы 050036, Казахстан",Магазин ковров,4.4,14,15,google_maps_apify,new
3astyle,+7 775 007 8994,https://3astyle.kz/,"улица Карпинского 16/1, Алматы, Казахстан",Швейный цех,,0,15,google_maps_apify,new
Гаухар,+7 7272 99 12 23,,"ул. Исиналиева 21, Алматы, Казахстан",Продовольственный магазин,4.6,17,15,google_maps_apify,new
ТО Домино,+7 701 710 7134,,"Микрорайон Таужолы, садоводческое товарищество Аксай, вишневая 158, Алматы 050010, Казахстан",Ёлочный питомник,5,1,15,google_maps_apify,new
Planta Fruit,+7 701 203 3680,https://plantafruit.kz/,"улица Ходжанова 81, Алматы 050060, Казахстан",Оптовая продажа саженцев,3.5,2,15,google_maps_apify,new
LIQUI MOLY Eurasia 1,+7 701 528 2320,http://www.liquimoly.kz/,"улица Жарокова 322A, Алматы 050042, Казахстан",Замена масла,4.7,687,60,google_maps_apify,new
Белорусские продукты № 1,+7 705 739 8000,https://belostan.kz/,"Алматы микрорайон Орбита-3 5/3, Алматы 050043, Казахстан",Колбасные изделия,,0,15,google_maps_apify,new
Живой уголок,+7 747 555 0002,,"улица Сулейменова 24а, Алматы 050042, Казахстан",Зоомагазин,4.6,787,60,google_maps_apify,new
Назик,+7 727 311 4337,http://nazik.kz/,"улица Ходжанова 76, Алматы 050060, Казахстан",Фирменный магазин,4.4,22,30,google_maps_apify,new
Оптовая продажа нижнего белья,+7 707 184 6367,,"Бекболата 1В рынок Ожет сектор В, ряд 7, контеинер 141, Алматы 050024, Казахстан",Магазин нижнего белья,5,13,15,google_maps_apify,new
Оптом Текстиль,+7 702 591 3720,http://instagram.com/optom_turkmen_postel,"ул. Северное Кольцо, 78/1, рынок Мизам, Сектор А, 4 ряд, бутик 19-20, Алматы 050024, Казахстан",Экспортёр текстиля,5,5,15,google_maps_apify,new
Посуда в Алматы,+7 778 665 0672,https://posuda10.kz/,"Северное кольцо шоссе 7е, Байсат 10 Склад, Алматы 050058, Казахстан",Магазин посуды из стекла,5,6,15,google_maps_apify,new
"""Lux Fero"" Оптовый Сервис",,,"Северное Кольцо 9а, Алматы 050038, Казахстан",Оптовый рынок,5,1,15,google_maps_apify,new
Магазин женских вещей UZDEN,+7 707 321 3203,https://instagram.com/uzden_almaty1?utm_medium=copy_link,"Бекболата 1B, рынок Ожет, ряд 8, контеинер 91, Алматы 050024, Казахстан",Оптовый продавец одежды,,0,15,google_maps_apify,new
Zhuldyz Flowers,+7 702 630 8222,,"улица Толе Би 228, Алматы, Казахстан",Оптовая продажа цветов,3,2,15,google_maps_apify,new
Алкомаркет №1 в Алматы — Elitalco — Доставка алкоголя,+7 778 322 7755,https://newelitalco.kz/,"ул. Шарипова 38, Алматы 050000, Казахстан",Оптовая продажа алкогольных напитков,4.3,70,30,google_maps_apify,new
ИП Nurcompany,+7 707 799 9167,,"ангар, аймбека 212 ""В"" уг. Розыбакиева, рынок Барыс-4, склад-2 перед въездом в, Райымбека 212в, Алматы, Казахстан",Оптовый магазин продуктов питания,,0,15,google_maps_apify,new
Морепродукты Алматы / Seafoodgroup,+7 701 617 7879,https://seafoodgroup.kz/,"улица Ауэзова 84, Алматы 050030, Казахстан",Рыбный магазин,4,14,15,google_maps_apify,new
Realshoes - Обувь оптом в Алматы,+7 702 465 5558,,"Рынок ожет, Бекболата улица 1, Алматы 050015, Казахстан",Оптовая торговля,5,1,15,google_maps_apify,new
Барахолка,+7 777 211 5565,,"7VPQ+PVJ, Алматы, Казахстан",Рынок,4.1,9017,90,google_maps_apify,new
Женская одежда оптом,+7 727 350 6016,,"ул. Тимирязева 42, Алматы 050060, Казахстан",Магазин женской одежды,,0,15,google_maps_apify,new
ОПТОВЫЙЕ МАГАЗИН ВЕТОШИ. Фирма ASITEX. СНДС. ом,+7 702 553 1169,,"Шоссеиная 72 Рынок Азия бутик 13, Алматы 050058, Казахстан",Хозяйственный магазин,3,2,15,google_maps_apify,new
"ТОО ""Оптовый Двор"" Межкомнатные двери в Алматы лучшего качество",+7 727 972 3254,http://optdvor.kz/almaty,"рынок, Саламат, улица Розыбакиева 90, Алматы 050000, Казахстан",Магазин дверей,4.4,7,15,google_maps_apify,new
"Магазин-склад ""Мураш-Ата""",+7 747 535 3530,https://murash.kz/,"улица Прокофьева 125А, Алматы 050005, Казахстан",Строительный магазин,5,49,30,google_maps_apify,new
Оптовая продажа сотовых аксессуаров,,https://t.me/BaisatM1718,"7VMQ+7R2, Алматы, Казахстан",Магазин аксессуаров для мобильных телефонов,5,1,15,google_maps_apify,new
Рынок Барыс,,,"7VXW+CCM, Алматы, Казахстан",Магазин одежды,4.1,751,60,google_maps_apify,new
Kazat Safety - Оптовый склад спецодежды и сиз.,+7 701 404 2834,http://www.gat.kz/,"пр-т. Райымбека 223d, Алматы 050000, Казахстан",Магазин спецодежды,4.9,32,30,google_maps_apify,new
ТОО «Тукор»,+7 700 190 0999,http://tukor.info/,"улица Казыбаева 3, Алматы 050050, Казахстан",Оптовая торговля,5,33,30,google_maps_apify,new
"Медицинские товары ТОО ""HEALTHTON""",+7 702 007 6055,https://healthton.kz/,"улица Толе Би 302, Алматы 050031, Казахстан",Оптовая торговля,,0,15,google_maps_apify,new
SvetAlmaty.kz,+7 707 829 2555,https://svetalmaty.kz/,"ЖК Nest Grand, Помещение 206 (На против охраны спуститься по лестницу в низ, Google плохая карта, для поиска используйте 2Gis, Микрорайон Астана 1/18 к7, Алматы 050036, Казахстан",Магазин осветительных приборов,4.3,27,30,google_maps_apify,new
Volna,+7 775 007 0795,https://www.volna.kz/,"Алматы микрорайон Орбита 2 17Г, Алматы 050043, Казахстан",Пивной магазин,,0,15,google_maps_apify,new
Genau,+7 708 372 7924,https://genau.kz/,"проспект Серкебаева 255, Алматы 050060, Казахстан",Оптовая продажа оборудования для фитнеса,4.7,62,30,google_maps_apify,new
Сотовые аксессуары,+7 777 385 3333,,"улица Мустафина 5, Алматы, Казахстан",Магазин товаров для дома,4.7,3,15,google_maps_apify,new
МейТан,+7 701 603 7163,https://meitan.ru/,"Сағадат Нұрмағамбетов, 101 Алматы Кок-Тобе, 050010, Казахстан",Магазин косметики и парфюмерии,5,9,15,google_maps_apify,new
Magnum Express,+7 727 339 7340,https://magnum.kz/,"Микрорайон Орбита-2, 2, Алматы 050043, Казахстан",Супермаркет,4.2,237,45,google_maps_apify,new
Магазин автозапчастей LETO,+7 700 426 2528,http://www.leto.kz/,"улица Серкебаева 111, Алматы 050000, Казахстан",Магазин автозапчастей,4.5,162,45,google_maps_apify,new
Marvel Kazakhstan,+7 7272 20 63 00,https://www.marvel.kz/,"улица Ходжанова 57/8, Алматы 050060, Казахстан",Компьютерный магазин,4.6,49,30,google_maps_apify,new
Меховой Дом Valentina by EL,+7 701 555 5430,,"проспект Aль-Фараби 140 а, Алматы 050044, Казахстан",Магазин шуб,5,2,15,google_maps_apify,new
Южный питомник Ботсада,,http://botsad.kz/,"6W88+7Q, Алматы, Казахстан",Питомник растений,5,2,15,google_maps_apify,new
Квантэл Электро,+7 777 022 0408,https://kvantelelectro.satu.kz/,"проспект Серкебаева 62, Алматы 050060, Казахстан",Магазин электротоваров,3.9,7,15,google_maps_apify,new
Pirogon,+7 702 673 8430,https://pirogon.kz/,"9 мкр 7А, Алматы 050000, Казахстан",Пекарня,5,10,15,google_maps_apify,new
Volna,+7 775 007 0795,https://www.volna.kz/,"Алматы микрорайон Казахфильм 21Г, Алматы 050065, Казахстан",Пивной магазин,,0,15,google_maps_apify,new
UTI-PUTI,+7 707 784 9899,https://uti-puti.kz/,"микрорайон Мамыр-1 8А, Алматы 050036, Казахстан",Магазин детской одежды,1,1,15,google_maps_apify,new
Redmart,+7 700 471 0071,,"микр. Астана 1/10 ТД ""Люмир, Алматы 050062, Казахстан",Магазин бытовой техники,3,23,30,google_maps_apify,new
Gerat Kazakhstan,+7 707 129 3848,https://gerat.kz/,"улица Бейбарыса 2, Алматы, Казахстан",Магазин автозапчастей,4.7,69,30,google_maps_apify,new
LISAP MILANO,+7 705 888 6675,http://www.lisapkazakhstan.kz/,"Рыскулбекова 28/7 ЖК БайТал, Алматы 050043, Казахстан",Оптовая продажа косметики,4.5,39,30,google_maps_apify,new
Cosmeta-Asia,+7 727 360 4000,http://www.cosmeta.kz/,"мкр. Акжар,, ул. Жастар, Алматы 040906, Казахстан",Магазин косметики и парфюмерии,4.1,15,15,google_maps_apify,new
PROFCARE,+7 777 490 4747,https://www.profcare.kz/,"проспект Серкебаева 310, Алматы 050060, Казахстан",Оптовая продажа косметики,,0,15,google_maps_apify,new
AnShah,+7 747 415 5080,https://11020-kz.all.biz/,"ул. Дзержинского 12, Алматы 050000, Казахстан",Магазин товаров для дома,,0,15,google_maps_apify,new
ОПТОМ СУМКИ КЗ,+7 700 288 7273,,"Барахолка, Алматы, Казахстан",Оптовый рынок,,0,15,google_maps_apify,new
Volna,+7 775 007 0795,https://www.volna.kz/,"улица Толе Би 150, Алматы 050009, Казахстан",Пивной магазин,4.5,284,45,google_maps_apify,new
Рынок Алатау-1,+7 708 949 5665,http://alataumarket.kz/,"7VRR+MX5, Алматы, Казахстан",Рынок,4.2,7783,90,google_maps_apify,new
KDM,+7 771 704 5578,https://kdm.kz/,"ул. Бокейханова 11/2, Алматы 050000, Казахстан",Поставщик крепежа,4.4,23,30,google_maps_apify,new
Компания ORION,+7 708 983 5358,http://orionholod.kz/,"улица Алихана Бокейханова 514, Алматы, Казахстан",Оптовая продажа бытовой техники,4.2,67,30,google_maps_apify,new
ИП Оптовый магазин оборудований,+7 702 345 6877,https://opttech.kz/contacts,"7WJ7+GMC, проспект Рыскулова София, Алматы, Казахстан",Поставщик оборудования,,0,15,google_maps_apify,new
Almatyabrasiv TM Gerad,+7 777 774 1888,http://almatyabrasiv.kz/,"ул. Бокейханова 106, Алматы 050014, Казахстан",Поставщик абразивов,4.8,10,15,google_maps_apify,new
A-MARKA (А-МАРКА),+7 702 762 0915,http://www.amarka.kz/,"ул. Бокейханова 37/1, Алматы 050014, Казахстан",Магазин необработанной мебели,4.6,111,45,google_maps_apify,new
ЭКСКЛЮЗИВНЫЙ ОПТОВЫЙ ПОСТАВЩИК TOTACHI В КАЗАХСТАНЕ,+7 702 116 8140,,"Чемолганская 48, Алматы 050061, Казахстан",Магазин автозапчастей,5,1,15,google_maps_apify,new
Optoshka Almata,+7 708 350 1919,https://instagram.com/optoshka_almata?utm_medium=copy_link,"Северное кольцо 24. Рынок Мизам 1. 4 ряд. Бутик 50, Алматы 050024, Казахстан",Оптовый продавец одежды,,0,15,google_maps_apify,new
Miavitta,+7 701 493 8221,,"ул. Тимирязева 69, Алматы, Казахстан",Оптовый магазин продуктов питания,,0,15,google_maps_apify,new
Beri-Optom - оптовый интернет-магазин китайских товаров в Алматы,+7 777 394 3259,,"24 июня 27, Алматы 050008, Казахстан",Оптовая торговля,5,21,30,google_maps_apify,new
Грузовые шины Sunfull Оптовый и розничный Склад шин,+7 775 955 8837,,"пр-т. Турара Рыскулова 76, Алматы, Казахстан",Магазин шин,3.7,3,15,google_maps_apify,new
Green Garden,+7 702 338 8837,https://greengarden-almata.kz/,"ул. Бокейханова 47А, Алматы 050014, Казахстан",Магазин товаров для дачи и сада,4.7,125,45,google_maps_apify,new
Спортивные товары Алматы-Bekzatsports,+7 707 128 0584,,"Северное Кольцо 4д, Алматы, Казахстан",Оптовая продажа спортивных аксессуаров,,0,15,google_maps_apify,new
Магазин на колёсах,+7 777 356 3020,,"ул. Бродского 137, Алматы, Казахстан",Оптовая продажа женского белья,5,2,15,google_maps_apify,new
Торговый Центр,+7 701 487 7802,,"Северное Кольцо 3, Алматы, Казахстан",Торговый центр,4.2,1463,75,google_maps_apify,new
Магазин посуды Jayli.Q,+7 747 666 0163,http://jayli.q.tilda.ws/#%D0%BC%D0%B0%D0%B3%D0%B0%D0%B7%D0%B8%D0%BD_%D0%BF%D0%BE%D1%81%D1%83%D0%B4%D1%8B,"Северное Кольцо 7Д, Алматы 050014, Казахстан",Магазин товаров для ресторанов,5,20,30,google_maps_apify,new
"Магазин бобер, MASIMA , бытовая техника SOKANY оптом",+7 707 400 3899,,"7VPR+6M3, Алматы, Казахстан",Магазин бытовой техники,5,2,15,google_maps_apify,new
Компания STAR PARTY - Поставщик шаров в Казахстане,+7 705 181 5707,https://new.starparty.kz/,"ул. Муканова 243, Алматы 050000, Казахстан",Магазин воздушных шаров,4.9,56,30,google_maps_apify,new
dorco Бритвенные станки и системы DORCO в Казахстане,+7 776 215 8888,,"ул. Сыргабекова 30 А, Алматы 050060, Казахстан",Оптовая торговля,,0,15,google_maps_apify,new
Габионы и геоматериалы от ТОО GeOMasters Team,+7 701 958 0047,http://geomasters.kz/,"улица Санжара Жандосова 54, Алматы 050000, Казахстан",Оптовая продажа строительных материалов,,0,15,google_maps_apify,new
TheМиска,+7 701 059 9792,http://miska.kz/,"ул. Жандосова 83, Алматы 040011, Казахстан",Зоомагазин,3,2,15,google_maps_apify,new
Electrotech,,https://electrotech.kz/,"улица Каблукова 123, Алматы 050060, Казахстан",Магазин электротоваров,4.2,5,15,google_maps_apify,new
Fixtech,+7 707 354 7500,https://ergocom.kz/,"Улица Тимирязева 42к15/1Б второй этаж, кабинет 203, Алматы 050002, Казахстан",Оптовая торговля,5,1,15,google_maps_apify,new
Trust Technologies Спецодежда СИЗ,+7 771 705 5115,https://trust-tech.kz/,"улица Жарокова 330, Алматы 050060, Казахстан",Поставщик спецодежды и средств защиты,5,1,15,google_maps_apify,new
Гарант-ТТ,+7 7272 27 50 16,http://kuhni.com.kz/,"Садовая 1\8, Алматы 050052, Казахстан",Оптовая продажа мебели,4.6,5,15,google_maps_apify,new
"Ветеринарная аптека, склад ТОО Акжол ЛТД",+7 777 367 4000,,"квартира, микрорайон Мамыр-1 18, Алматы 050006, Казахстан",Ветеринарная аптека,5,1,15,google_maps_apify,new
Академия Tinel,+7 776 039 8888,,"улица Навои 37, Алматы 050043, Казахстан",Учебный центр,3.4,5,15,google_maps_apify,new
Kazakh Vending Company,+7 701 766 9997,http://www.kvc.kz/,"мкр. Каргалы, улица Жумекен Нажимеденов д.119, Алматы 050070, Казахстан",Кофейный автомат,4.2,26,30,google_maps_apify,new
KazServiceProject,+7 707 821 5008,http://www.serviceproject.kz/,"Ст-Машиностроитель 1, Заводская 51, Алматы 050000, Казахстан",Оптовая продажа компьютерной техники,5,2,15,google_maps_apify,new
HappyCake,+7 707 777 1144,https://happycake.kz/almaty,"микрорайон Орбита-3, 5Е/2, Алматы 050043, Казахстан",Кондитерская,5,1,15,google_maps_apify,new
Salax,+7 701 784 3444,http://salax.kz/,"улица Си Синхай 18, Алматы 050060, Казахстан",Интернет-магазин,,0,15,google_maps_apify,new
glo,+7 800 080-10-80 ext. 5757,https://myglo.kz/,"Алматы 8-й микрорайон 83 ТРЦ Almaty mall, 050004, Казахстан",Поставщик табака,,0,15,google_maps_apify,new
Аквамаркет Тибетская,+7 727 317 2737,https://try.new.yapartner.kz/2gisalmaty,"Баязитовой 12, Алматы 050045, Казахстан",Поставщик бутилированной воды,3.3,3,15,google_maps_apify,new
Аптека (ТОО Нидиа Фарм),+7 727 309 5453,,"71а д.91А, Алматы, Казахстан",Аптека,3.2,5,15,google_maps_apify,new
HappyCake,+7 707 777 1144,https://happycake.kz/almaty,"улица Санаторная 25А, Алматы 050023, Казахстан",Кондитерская,,0,15,google_maps_apify,new
HappyCake,+7 707 777 1144,https://happycake.kz/almaty,"микрорайон Казахфильм, 38, Алматы 050023, Казахстан",Кондитерская,,0,15,google_maps_apify,new
HappyCake,+7 707 777 1144,https://happycake.kz/almaty,"улица Алишера Навои 139, Алматы 050043, Казахстан",Кондитерская,,0,15,google_maps_apify,new
CAFFÈ VERGNANO 1882,+7 707 369 0000,,"10а мкр 12б, Алматы 050036, Казахстан",Кафетерий,5,2,15,google_maps_apify,new
"ТОО "" ОПТОВЫЙ ДВОР"" Межкомнатные двери, деревянные двери",+7 727 377 0511,http://optdvor.kz/almaty,"мкр-н Курылысшы ул. Жанаарка, 7, Алматы 050000, Казахстан",Магазин дверей,4,11,15,google_maps_apify,new
"ТОО ""Ламинат Плюс LTD""",+7 701 789 0020,https://www.laminat-almaty.kz/,"ул. Кабдолова 1/8, Алматы 050000, Казахстан",Магазин напольных покрытий,5,1,15,google_maps_apify,new
abdi,+7 727 394 3752,https://abdi.kz/,"пр-т. Абая 143, Алматы 050000, Казахстан",Магазин канцелярских товаров,4.1,1077,75,google_maps_apify,new
Саудакент,,,"7W83+535, улица им. Казакова, Алматы 050000, Казахстан",Рынок,4,1123,75,google_maps_apify,new
UTI-PUTI,+7 707 784 9801,https://uti-puti.kz/,"проспект Гагарина 66б, Алматы 050009, Казахстан",Магазин детской одежды,4.6,711,60,google_maps_apify,new
Nurmax (Нурмакс),+7 7272 20 77 47,http://nurmaxkz.kz/,"улица Москвина 25/2, Алматы 050058, Казахстан",Магазин строительных товаров,4.1,207,45,google_maps_apify,new
Конфи. Магазин сладостей РАХАТ,+7 700 595 9030,http://konfi.kz/,"Тлендиева 2а-2а, Алматы 050005, Казахстан",Оптовая торговля,,0,15,google_maps_apify,new
AFONOLIVA.KZ,+7 777 477 5666,https://www.afonoliva.kz/,"улица Казыбаева 3Р, Алматы, Казахстан",Экспортёр продуктов питания и напитков,5,3,15,google_maps_apify,new
Бутик Женской Одежды Из Турции,+7 777 822 2259,,"7VJQ+382, Алматы, Казахстан",Магазин одежды,4.3,10,15,google_maps_apify,new
Алатау,+7 7272 48 65 93,,"ТД ""Алатау, пр-т. Турара Рыскулова 103/3, Алматы 050061, Казахстан",Торговый центр,4.2,3057,75,google_maps_apify,new
Декатлон Казахстан,+7 702 075 0777,https://decathlon.kz/,"улица Толе Би 136, Алматы 050000, Казахстан",Магазин спорттоваров,4.5,748,60,google_maps_apify,new
Sen Sulu Магазин женской одежды. Алматы,+7 778 154 1079,https://instagram.com/sen_sulu.official.almaty?igshid=11kfd649ev4q8,"ул. Жандосова дом 30, Алматы 050057, Казахстан",Магазин женской одежды,4.3,18,15,google_maps_apify,new
"Итальянская пряжа Алматы, фурнитура для бижутерии и натуральные камни",+7 775 909 1400,https://www.instagram.com/knitshopping.kz/,"Тимирязева 59 Между Манаса и, улица Байзакова, Алматы, Казахстан",Магазин пряжи,4.8,17,15,google_maps_apify,new
Elfina,+7 777 017 3456,http://elfina.kz/,"улица Брюсова 16, Алматы 050034, Казахстан",Магазин игрушек,,0,15,google_maps_apify,new
Cvety.kz,+7 702 222 0730,https://cvety.kz/almaty/,"Коктем 2, 1, Алматы 050000, Казахстан",Доставка цветов,4.5,93,30,google_maps_apify,new
TOO AK-STROY,+7 707 523 1020,http://ak-stroy.kz/,"улица Саина 18, Алматы 050062, Казахстан",Магазин напольных покрытий,4.9,62,30,google_maps_apify,new
Светофор,,,"7V89+QW8, пр-т. Турара Рыскулова, Алматы, Казахстан",Супермаркет низких цен,4.1,687,60,google_maps_apify,new
Детскиий текстиль Оптом,+7 700 953 0562,,"25B, Бекболата 1B, рынок Ожет, 7ряд, 25а, контеинер, Алматы 050024, Казахстан",Магазин детской одежды,5,1,15,google_maps_apify,new
Floors,+7 707 111 6030,https://www.floors.kz/laminate/,"ул. Каблукова 38а, Алматы 050060, Казахстан",Магазин напольных покрытий,,0,15,google_maps_apify,new
HappyCake,+7 707 777 1144,https://happycake.kz/almaty,"улица Сулейменова 19Е, Алматы 050043, Казахстан",Кондитерская,,0,15,google_maps_apify,new
Opt Store,+7 707 430 3050,,"проспект Aль-Фараби 114, Алматы, Казахстан",Оптовая торговля,,0,15,google_maps_apify,new
Весновка,+7 7272 64 56 34,,"6WFJ+7VQ, ул. Попова, Алматы, Казахстан",Поставщик продуктов питания,5,12,15,google_maps_apify,new
Строительный Рынок,+7 707 328 0155,,"8234+6JR, Кульджинский тракт, Алматы, Казахстан",Строительный рынок,4.3,402,45,google_maps_apify,new
Magnum,+7 727 339 7340,https://magnum.kz/,"ул. Халиуллина 194, Алматы 050019, Казахстан",Гипермаркет,4.3,7628,90,google_maps_apify,new
ONEKI,+7 708 008 2161,https://www.instagram.com/kanstovar_almaty?igsh=anpsc2VkZ2Z0N3g1&utm_source=qr,"ул. Бокейханова 508/1, Алматы, Казахстан",Оптовая продажа канцелярских товаров,5,6,15,google_maps_apify,new
"Рынок ""Ак-булак""",+7 701 733 6916,https://instagram.com/aqbulaq.kz?utm_medium=copy_link,"Головацкого 41, Алматы 050058, Казахстан",Торговый центр,4.3,1774,75,google_maps_apify,new
Рынок Салем,,,"8V2W+67J, Алматы, Казахстан",Торговый центр,4.1,2536,75,google_maps_apify,new
Optom textile Kazakhstan,,https://instagram.com/optom.textile.kazakhstan?utm_medium=copy_link,"8V9X+8XV, Алматы, Казахстан",Магазин товаров для дома,5,2,15,google_maps_apify,new
"Рынок ""Казына""",,,"город, Северное Кольцо 2, Алматы, Казахстан",Торговый центр,4.4,126,45,google_maps_apify,new
Sagadat,+7 747 373 7343,https://www.instagram.com/sagadat.tex/,"Северное кольцо 94/8 рынок Арлан 2, контеинер Sagadat, Алматы 050024, Казахстан",Магазин постельного белья,5,9,15,google_maps_apify,new
Арлан-2,,,"Алматы, Казахстан",Рынок,4.1,31,30,google_maps_apify,new
Erva Home,+7 747 970 2503,https://www.instagram.com/moda_optom_textile?igsh=eWV4YzNrbjRtZ3Az,"Северное Кольцо 34b, Алматы, Казахстан",Текстильная фабрика,,0,15,google_maps_apify,new
Женская Одежда,+7 701 335 3646,,"Северное кольцо, Рынок Казына, ряд-10, Бутик 11-12, Алматы 050024, Казахстан",Магазин женской одежды,,0,15,google_maps_apify,new
Магазин Жулдыз,,,"6VXP+J6J, Алматы, Казахстан",Магазин товаров для дома,4.4,35,30,google_maps_apify,new
"Сеть магазинов ""Прага"".",+7 727 395 5224,http://pragashop.kz/,"улица Толе Би 187, Алматы 050000, Казахстан",Магазин товаров для дома,4.7,65,30,google_maps_apify,new
RichShop.kz,+7 705 300 4890,https://richshop.kz/,"улица Ауэзова 99, Алматы 050000, Казахстан",Магазин товаров для салонов красоты,4.9,16,15,google_maps_apify,new
Optom textile Kenje,+7 701 636 6833,https://instagram.com/optom.textile.kenje?utm_medium=copy_link,"Северное кольцо, рынок Мизам, ряд 4, бутик 10, Алматы 050024, Казахстан",Магазин постельного белья,5,1,15,google_maps_apify,new
Shantal lingerie,+7 747 180 1606,https://shantalopt.com/?utm_source=googlemaps,"Бекболата ул. 2/7, Алматы 050024, Казахстан",Оптовая торговля,5,2,15,google_maps_apify,new
Детская Одежда Rayan Kidss,+7 700 953 9462,https://instagram.com/rayan_kidss?utm_medium=copy_link,"Бекболата 1B, рынок Ожет, ряд 8, контейнер 31, Алматы 050024, Казахстан",Оптовый продавец одежды,5,1,15,google_maps_apify,new
TESPE,+7 778 409 4999,https://www.instagram.com/tespe_noski.kz?igsh=aHNyYWI1cGx0MWt6,"Северное Кольцо 76, Алматы, Казахстан",Оптовый продавец одежды,,0,15,google_maps_apify,new
Medi Tekstil Optom,+7 778 109 0736,https://instagram.com/medi.tekstil.optom?utm_medium=copy_link,"Северное кольцо 28а, рынок Мизам, блок А, ряд 3-4, бутик 1-7, Алматы 050024, Казахстан",Магазин постельного белья,5,3,15,google_maps_apify,new
Цветочный базар,,,"улица Жангельдина 31, Алматы 050000, Казахстан",Цветочный магазин,4.6,33,30,google_maps_apify,new
Flowers Patio,+7 701 759 2200,,"улица Суюнбая 251/2 ярмарка ""Турксиб"" 11 бутик, Алматы 050000, Казахстан",Цветочный магазин,4.8,29,30,google_maps_apify,new
Рынок Алматы 1,+7 777 077 1737,,"8XM4+3F3, ул. Шолохова, Алматы, Казахстан",Рынок,4.2,8916,90,google_maps_apify,new
Оптовый магазин игрушек Toybala,+7 727 386 2826,,"ул.Джангильдина 31/2 Алматы, 050007, Казахстан",Детский магазин,,0,15,google_maps_apify,new
BestFlowers.kz,+7 778 957 8575,https://bestflowers.kz/,"пр. Суюнбая 261, на территории ярмарки ""Турксиб, Алматы 050066, Казахстан",Доставка цветов,4.6,52,30,google_maps_apify,new
Белорусские продукты № 1,+7 705 739 8000,https://belostan.kz/,"улица Михаила Шемякина 136, Алматы 050056, Казахстан",Колбасные изделия,5,2,15,google_maps_apify,new
Белорусские продукты № 1,+7 705 739 8000,https://belostan.kz/,"улица Хайдара Халиуллина 43, Алматы 050019, Казахстан",Колбасные изделия,3.5,2,15,google_maps_apify,new
Чековая Лента,+7 727 329 6136,https://xn----7sbbfod5alte4cwczg.kz/,"✔ РЕКОМЕНДУЕМ ❯ Рейтинг: ★★★★★ ➔ Отзывы ✔475, Алматы 050016, Казахстан",Оптовая торговля,5,23,30,google_maps_apify,new
TeMax,+7 777 030 9090,,"улица Сазоновская 188, Алматы 050019, Казахстан",Магазин строительных товаров,4.8,23,30,google_maps_apify,new
TOIMART,+7 800 070-01-42,https://www.toimart.kz/,"просп. Суюнбая 261, Алматы 050054, Казахстан",Супермаркет,4,2,15,google_maps_apify,new
LAIWO - интерактивное оборудование,+7 707 659 0009,http://www.laiwo.kz/,"улица Жамбыла 114/85, Алматы 050000, Казахстан",Оптовая торговля,4.7,14,15,google_maps_apify,new
Al-Style,+7 727 300 0300,https://al-style.kz/,"Назарбаев 19, проспект Нурсултан, Алматы 050016, Казахстан",Оптовая торговля,4.7,222,45,google_maps_apify,new
Шохрат маркет,,,"7XFG+JM5, улица Добролюбова, Алматы, Казахстан",Оптовый магазин продуктов питания,5,1,15,google_maps_apify,new
Комфорт,+7 771 929 1312,https://www.komfort.kz/,"просп. Суюнбая 2/9, Алматы 050016, Казахстан",Строительный магазин,4.4,6126,90,google_maps_apify,new
Kilem Market,+7 705 778 5753,,"пр-т. Сейфуллина 184/1, Алматы 050037, Казахстан",Магазин товаров для дома,4.9,40,30,google_maps_apify,new
Строительный рынок Бахар,+7 707 471 7096,,"7XWQ+X9H, пр-т. Турара Рыскулова, Алматы, Казахстан",Строительный рынок,4,994,60,google_maps_apify,new
ТОО БИКО,+7 727 382 1956,https://profi-s.kz/,"Ипподромная 2, Алматы 050016, Казахстан",Оптовая торговля,4,1,15,google_maps_apify,new
Оптомаркет,,,"8X8M+P4H, Алматы, Казахстан",Магазин овощей и фруктов,5,2,15,google_maps_apify,new
"ИП ""БАЛЬНЕР"" / TRAVKA.KZ",+7 777 303 0333,https://travka.kz/,"ул. Стасова 102/3, Алматы 050011, Казахстан",Оптовая торговля,5,31,30,google_maps_apify,new
"ТОО ""Склад ОВ"" (Радиаторы TIPIDO)",+7 727 339 2286,http://tipido.kz/,"просп. Суюнбая 89, Алматы 050016, Казахстан",Производитель,4,20,30,google_maps_apify,new
hodovik,+7 747 479 0890,,"улица Менделеева 59а, Алматы, Казахстан",Магазин,4.7,10,15,google_maps_apify,new
"КАС-торг: хозтовары, расходный материал, бытовая химия в Алматы",+7 771 575 3071,https://kas-torg.kz/,"Заветная ул. 43, Алматы, Казахстан",Хозяйственный магазин,5,1,15,google_maps_apify,new
Ленуца,+7 7272 42 75 43,,"8XJ2+JRQ, ул. Молдагалиева, Алматы, Казахстан",Продовольственный магазин,3.9,101,45,google_maps_apify,new
"Группа компаний ""Автомаляр""",+7 727 339 8253,http://www.avtomalyar.kz/,"ул. Потанина 230, Алматы, Казахстан",Магазин автохимии,4.6,830,60,google_maps_apify,new
ТОО Bugel,+7 705 333 0330,https://bugel.kz/,"Нарынкольская 1а, Алматы 050056, Казахстан",Поставщик крепёжных изделий,4.6,144,45,google_maps_apify,new
Capital Garant Group Казахстан,+7 777 312 6852,https://cg-group.kz/,"БЦ Станица, ул. Халиуллина 66, Алматы 050019, Казахстан",Оптовая торговля,5,1,15,google_maps_apify,new
Белорусские продукты № 1,+7 705 739 8000,https://belostan.kz/,"ул. имени Акан-Серы 11, Алматы 050037, Казахстан",Колбасные изделия,3,2,15,google_maps_apify,new
Volna,+7 775 007 0795,https://www.volna.kz/,"ул. имени Акан-Серы 11, Алматы 050011, Казахстан",Пивной магазин,3.5,2,15,google_maps_apify,new
"ТОО ""LL TRADE""",+7 707 412 3050,https://www.instagram.com/lltrade_kz/,"Казахстан, Алматы, улица Желтоксан 5Б, Алматы 050000, Казахстан",Оптовая продажа мебели,,0,15,google_maps_apify,new
EpoMaxS,+7 708 637 0833,,"Бартольда 42, Алматы 050028, Казахстан",Оптовая торговля,5,5,15,google_maps_apify,new
Белорусские продукты № 1,+7 705 739 8000,https://belostan.kz/,"Леонова ул. 2, Алматы 050028, Казахстан",Колбасные изделия,,0,15,google_maps_apify,new
Белорусские продукты № 1,+7 705 739 8000,https://belostan.kz/,"улица Есим Хана 41, Алматы 050017, Казахстан",Колбасные изделия,4,1,15,google_maps_apify,new
Магазин товары для дома,+7 708 979 3487,,"ул.Кунгурская 2, Алматы, Казахстан",Оптовая продажа товаров повседневного спроса,,0,15,google_maps_apify,new
Цветочный магазин,+7 778 985 0334,,"9W3W+X67, Алматы, Казахстан",Магазин,3,2,15,google_maps_apify,new
Универсальный рынок Нурсат,,,"9W8W+85F, Zhambyl str., Алматы, Казахстан",Рынок,4.1,1146,75,google_maps_apify,new
TOIMART,+7 800 070-01-42,https://www.toimart.kz/,"Северное Кольцо 53В, Алматы 050028, Казахстан",Супермаркет,4.3,704,60,google_maps_apify,new
AstroBT,+7 7272 23 03 65,http://www.astrobt.kz/,"улица Бурундайская 93а, Алматы 050011, Казахстан",Оптовая продажа бытовой техники,5,1,15,google_maps_apify,new
"ТОО ""Нуртау-А""",+7 727 333 0888,http://www.nurtau-a.kz/,"Жетысуский р-н, мкр.Первомайский, ул. Вокзальная, 24, Казахстан",Строительный магазин,4.3,50,30,google_maps_apify,new
Алель Агро,+7 727 343 5545,http://alelagro.kz/ru/contacts.html,"ул. Рихарда Зорге 18/1, Алматы, Казахстан",Птицеферма,5,2,15,google_maps_apify,new
Белорусские продукты № 1,+7 705 739 8000,https://belostan.kz/,"улица Аксуат 82А, Алматы 050047, Казахстан",Колбасные изделия,,0,15,google_maps_apify,new
Белорусские продукты № 1,+7 705 739 8000,https://belostan.kz/,"Мангышлакская ул. 2, Алматы 050028, Казахстан",Колбасные изделия,,0,15,google_maps_apify,new
Белорусские продукты № 1,+7 705 739 8000,https://belostan.kz/,"ул. Бекмаханова 56А, Алматы 050028, Казахстан",Колбасные изделия,,0,15,google_maps_apify,new
"ТОО ""Адал жем""",+7 778 214 6317,https://adaljem.kz/,"ул. Шолохова 1, склад № 17 Purina®, Алматы, Казахстан",Магазин кормов,,0,15,google_maps_apify,new
Obuv_vnalichii_2,+7 778 667 2577,,"9W49+G5X, Unnamed Road, Алматы, Казахстан",Обувной магазин,4.4,172,45,google_maps_apify,new
Alihan Company Almaty,+7 708 038 8888,https://alihancompany.kz/,"Северное Кольцо 53, Алматы 050028, Казахстан",Строительный магазин,4.9,8,15,google_maps_apify,new
Золотые ворота,+7 771 266 0618,http://zvt.kz/,"ул. Перонная 25, Алматы 050028, Казахстан",Строительный магазин,4.8,13,15,google_maps_apify,new
Круассаны замороженные Алматы,+7 775 388 2121,,"Алматы, Казахстан",Производитель замороженных пищевых продуктов,5,3,15,google_maps_apify,new
Zenera,+7 701 805 0064,https://zenera.kz/#,"мкр. Кокжиек 48, Алматы 050000, Казахстан",Производитель спортивной одежды,5,2,15,google_maps_apify,new
ТОО ВАСТЕ,+7 727 384 7636,http://vaste.kz/,"ул. Павлодарская д. 89, Алматы 050014, Казахстан",Производитель,4.6,10,15,google_maps_apify,new
"ТОО ""AF-SOLUT""",+7 7272 32 35 54,https://alihancompany.kz/,"Северное Кольцо 53а, Алматы, Казахстан",Поставщик стройматериалов,5,3,15,google_maps_apify,new
Запчасти Газель Газ-Уаз,+7 705 302 5152,https://gricompani.kz/,"улица Бурундайская 154, Алматы 050011, Казахстан",Магазин автозапчастей,5,11,15,google_maps_apify,new
МАМЫР. ВСЕ ВИДЫ ТЕПЛОИЗОЛЯЦИИ,+7 708 708 8811,http://www.mamyr.kz/,"ул. Павлодарская 1, Алматы 050011, Казахстан",Оптовая торговля,,0,15,google_maps_apify,new
Торговый дом ЭлитФиш,+7 708 114 8698,https://elitefish.kz/contact/,"улица Бурундайская 93Б, Алматы 050014, Казахстан",,2.8,8,15,google_maps_apify,new
RC Group,+7 727 321 8202,,"ул. Гёте 175Б, Алматы 050011, Казахстан",Компьютерный магазин,4.1,17,15,google_maps_apify,new
SAUDA,+7 700 363 3963,,"Северное Кольцо 76/3, Алматы 050023, Казахстан",Логистические услуги,2.5,8,15,google_maps_apify,new
Almatmed,+7 747 488 7462,,"ул. Шолохова 17/7, Алматы 050000, Казахстан",Магазин медицинского оборудования,,0,15,google_maps_apify,new
BELARUSKI,+7 707 210 6421,,"улица Розыбакиева 92, Алматы 050009, Казахстан",Продовольственный магазин,4.6,138,45,google_maps_apify,new
Froot,+7 707 000 3612,,"проспект Гагарина 100, Алматы 050000, Казахстан",Продовольственный магазин,4,1,15,google_maps_apify,new
Фикс Прайс,,http://fix-price.kz/,"пр-т. Абая 141, Алматы 050000, Казахстан",Магазин товаров для дома,4.1,122,45,google_maps_apify,new
Азбука рыбного вкуса,+7 7272 93 09 27,,"улица Шевченко 61, Алматы 050000, Казахстан",Рыбный магазин,4.4,165,45,google_maps_apify,new
FLOWER AVENUE - здесь живут цветы,+7 700 800 9192,https://flower.kz/,"ул. Сатпаева 7А/1, Алматы 050013, Казахстан",Цветочный рынок,4.9,365,45,google_maps_apify,new
Атамекен,+7 775 463 0257,,"6WGJ+J69, ул. Бальзака, Алматы, Казахстан",Поставщик продуктов питания,4.7,14,15,google_maps_apify,new
Nickol,+7 701 534 6041,https://www.nickol.kz/,"мкр. Керемет 6, Алматы 050013, Казахстан",Магазин товаров для салонов красоты,4.5,430,45,google_maps_apify,new
Белорусские продукты № 1,+7 705 739 8000,https://belostan.kz/,"микрорайон Самал-2 47, Алматы 050051, Казахстан",Колбасные изделия,5,1,15,google_maps_apify,new
«Pro-Buket»,+7 778 746 0036,https://pro-buket.kz/,"пр-т. Назарбаева 244, Алматы 050059, Казахстан",Доставка цветов,4.7,358,45,google_maps_apify,new
ТЦ Олжа,,,"6VRV+5XG, проспект Гагарина, Алматы 050000, Казахстан",Торговый центр,4.1,349,45,google_maps_apify,new
Hassanov Home плитка мозаика,+7 707 151 1131,http://www.hassanovhome.kz/,"ул. Шевченко 204 , ТЦ Саламат - 5, этаж - 2, сектор - 10, Алматы 110000, Казахстан",Магазин строительных товаров,5,3,15,google_maps_apify,new
Eco Fresh,+7 708 690 9313,,"БЦ МТС 2-ой этаж, улица Шевченко 165Б, Алматы 050000, Казахстан",Магазин,2.3,3,15,google_maps_apify,new
Ферма у дома,,,"6VJ8+2CW, Алматы 050000, Казахстан",Продовольственный магазин,4.1,164,45,google_maps_apify,new
Арт Букет - доставка цветов,+7 777 047 5555,https://almaty.art-buket.kz/,"ул. Тимирязева 42/10А, Алматы 050000, Казахстан",Цветочный магазин,4.7,177,45,google_maps_apify,new
Saffron,+7 775 839 0566,https://www.instagram.com/saffron_ala/,"улица Байзакова 280, Алматы 050040, Казахстан",Оптовый магазин продуктов питания,,0,15,google_maps_apify,new
Office Expert,+7 727 331 7070,https://oe.kz/,"ул. Тимирязева 28в, Алматы 050060, Казахстан",Интернет-магазин,3.8,63,30,google_maps_apify,new
Канцтовары оптом купить со склада в Алматы - KancOpt.kz,+7 701 501 7117,http://kanctop.kz/,"1, Жамбыла 114/85, Литер А офис 131, Алматы 050000, Казахстан",Оптовая продажа канцелярских товаров,,0,15,google_maps_apify,new
Электротовары оптом от производителей,+7 708 971 0605,,"Биокомбинатская 7а, Алматы 050000, Казахстан",Оптовая торговля,5,2,15,google_maps_apify,new
Fresh Frozen,+7 747 340 0619,,"Ратушного, Алматы, Казахстан",Оптовый магазин продуктов питания,,0,15,google_maps_apify,new
"Bitex - оптово-розничная продажа текстиля, печать на одежде и брендирование в Алматы",+7 776 963 5120,https://bitex.kz/,"микрорайон Жетысу 4 3а, Алматы, Казахстан",Печать по текстилю,4.9,66,30,google_maps_apify,new
Froot,+7 707 000 3612,,"улица Радостовца 158/1, Алматы 050000, Казахстан",Продовольственный магазин,1,1,15,google_maps_apify,new
Рахат,+7 7272 58 47 10 ext. 590,https://www.rakhat.kz/,"ул. Тимирязева 85, Алматы 050060, Казахстан",Кондитерский магазин,4.6,584,60,google_maps_apify,new
Alpion,+7 700 555 4072,,"ул. Жандосова 58А офис 51А, Алматы, Казахстан",Оптовая торговля,5,1,15,google_maps_apify,new
Белорусские продукты № 1,+7 705 739 8000,https://belostan.kz/,"Алматы микрорайон Коктем-2 19, Алматы 050062, Казахстан",Колбасные изделия,,0,15,google_maps_apify,new
"Магазин индийской одежды ""Брахмапутра""",+7 705 419 5236,http://instagram.com/brahmaputra.kz,"улица Жарокова 187б, Алматы 050000, Казахстан",Магазин одежды,4.7,3,15,google_maps_apify,new
Froot,+7 707 000 3612,,"улица Маркова 53, Алматы 050040, Казахстан",Продовольственный магазин,,0,15,google_maps_apify,new
"Салон китайской косметики ""Мей Ли""",+7 7272 74 20 22,http://www.meili.kz/,"город Алматы, Тимирязева 67, Алматы 050057, Казахстан",Магазин товаров для салонов красоты,4.6,217,45,google_maps_apify,new
Froot,+7 707 000 3612,,"микрорайон Самал-2 29, Алматы 050051, Казахстан",Продовольственный магазин,,0,15,google_maps_apify,new
"Ortonog.kz – ортопедический магазин в Алматы | Бандажи, лангеты, ортезы",+7 708 960 9925,https://justshop.kz/,"МИКРОРАЙОН Коктем-3, дом 17, Алматы 050040, Казахстан",Магазин косметики и парфюмерии,5,62,30,google_maps_apify,new
"Магазин элитных тканей из Италии ""Italian Textile"" в Алматы",+7 777 240 4868,,"ул. Текстильная 74, Алматы 050000, Казахстан",Магазин тканей,5,8,15,google_maps_apify,new
Мир Растений Алматы,+7 707 191 7100,https://www.xn--80akhcfnkvall.kz/,"проспект Серкебаева 214, Алматы 050060, Казахстан",Оптовая продажа саженцев,5,2,15,google_maps_apify,new
ТОО “Abris Distribution - Kazakhstan”,+7 727 347 0346,https://xfinity.kz/,"ПФЦ «Нурлы Тау», пр. Аль-Фараби, 15 к4В, Блок 4В, Алматы 050059, Казахстан",Оптовая продажа компьютерной техники,4.4,11,15,google_maps_apify,new
Белорусские продукты № 1,+7 705 739 8000,https://belostan.kz/,"бул. Бухар-Жирау 35, Алматы 050040, Казахстан",Колбасные изделия,,0,15,google_maps_apify,new
Жасау,+7 7272 79 68 01,,"пр-т. Сейфуллина 422, Алматы 050000, Казахстан",Магазин постельных принадлежностей,5,1,15,google_maps_apify,new
Магазин Умный Дом,+7 747 535 2560,,"ул. Бегалина 140, Алматы 050011, Казахстан",Оптовая продажа электроники,1,1,15,google_maps_apify,new
ПрофКондитер,+7 701 484 0350,,"Самал-1 ул. Жолдасбекова 9а 3 этаж, бутик 22, Алматы 050051, Казахстан",Оптовая продажа товаров повседневного спроса,,0,15,google_maps_apify,new
Посуда,+7 775 779 1707,,"улица Масанчи 98, Алматы 050022, Казахстан",Магазин посуды из стекла,5,1,15,google_maps_apify,new
Книги ЭРУДИТ,+7 701 918 8388,,"ЖК, ул. Жарокова, 137 блок В1, Алматы, Казахстан",Книжный магазин,4.7,198,45,google_maps_apify,new
"Магазин музыкальных инструментов ""YMusic - MUZTORG""",+7 777 829 2020,https://ymusic.kz/,"проспект Абылай Хана 122, угол, улица Курмангазы, Алматы 050000, Казахстан",Магазин музыкальных инструментов,4.5,118,45,google_maps_apify,new
"Optimus KZ, магазин красок, строительной химии и малярного инструмента",+7 775 007 4060,https://optimus-kz.com/,"микрорайон Самал-2 25, Алматы 050000, Казахстан",Оптовая продажа строительных материалов,4.6,7,15,google_maps_apify,new
Кокшетауское мороженое Гормолзавод,+7 708 942 9092,https://koksheicecream.kz/,"ул, Ботанический Сад 21, Алматы, Казахстан",Поставщик продуктов питания,3.9,14,15,google_maps_apify,new
Дом Пряжи,+7 775 306 4796,https://kaspi.kz/shop/search/?q=%3AallMerchants%3A16182000,"ЖК AFD Plaza, Аль-Фараби 21/6, офис 1139, 2-этаж, Алматы 050013, Казахстан",Магазин пряжи,3.7,3,15,google_maps_apify,new
Добряк,+7 777 582 2357,,"ул. Сатпаева 55, Алматы 050000, Казахстан",Торговец табачными изделиями,3.8,26,30,google_maps_apify,new
TITAN SHOP - спортивная одежда и экипировка в Алматы,+7 701 957 6555,https://instagram.com/titanshopkz?igshid=MzRlODBiNWFlZA==,"улица Шевченко 190, Алматы 050000, Казахстан",Магазин спорттоваров,4.6,17,15,google_maps_apify,new
ASTIMPEX LLC,+7 701 733 5302,,"ул. Минина 24, Алматы 050022, Казахстан",Строительный рынок,5,1,15,google_maps_apify,new
idealbeauty,+7 727 392 6930,http://www.idealbeauty.kz/,"проспект Гагарина 135 г, Алматы 050060, Казахстан",Магазин товаров для салонов красоты,4.4,87,30,google_maps_apify,new
Корейская косметика Алматы - Koreanmart.kz,+7 707 828 2580,http://koreanmart.kz/,"магазин KoreaShop, Керемет микрорайон, 7 к27 1-й этаж, Алматы 050013, Казахстан",Магазин косметики и парфюмерии,5,2,15,google_maps_apify,new
FLOWER AVENUE,+7 700 800 9191,http://flower.kz/,"ул. Сатпаева 7a, Алматы 050013, Казахстан",Цветочный рынок,4.6,30,30,google_maps_apify,new
ASYQ Et,+7 775 680 0180,https://wa.me/+77756800180,"улица Яссауи 63, Алматы, Казахстан",Мясной магазин,4.3,24,30,google_maps_apify,new
Белорусские продукты № 1,+7 705 739 8000,https://belostan.kz/,"улица Абдуллы Розыбакиева 125/8, Алматы 050060, Казахстан",Колбасные изделия,4.5,2,15,google_maps_apify,new
ЯРС и К ТОО,+7 7272 49 31 06,http://www.yars.kz/,"050062, Республика Казахстан, г.Алматы, мкр.5, д.17, оф.7, Алматы 050062, Казахстан",Оптовая торговля,3.6,7,15,google_maps_apify,new
Volna,+7 775 007 0795,https://www.volna.kz/,"Алматы микрорайон Аксай 4 88А, Алматы 050063, Казахстан",Пивной магазин,5,1,15,google_maps_apify,new
Чёрная икра,+7 702 777 1703,,"Аль-Фараби, д 17, корп 4Б, Алматы 050059, Казахстан",Производство рыбной продукции,,0,15,google_maps_apify,new
"ТОО ""Белорусский Дом Белья""",+7 771 107 5797,https://bel-dom.kz/,"ул. Шарипова 120, Алматы 050022, Казахстан",Оптовая торговля,5,1,15,google_maps_apify,new
Арт Казахстан,+7 777 223 1505,,"пр-т. Абая 34, Алматы 050000, Казахстан",Магазин поздравительных открыток,5,6,15,google_maps_apify,new
Adika perfume & cosmetics,+7 700 307 1177,http://adika.kz/,"ТРЦ Mega Center Alma-Ata Розыбакиева, 247а, ТРЦ Forum, пр-т. Сейфуллина 617, Алматы 050010, Казахстан",Поставщик парфюмерии и ароматизаторов,4.2,5,15,google_maps_apify,new
Назик,+7 727 392 3297,http://nazik.kz/,"ул. Сатпаева 55, Алматы 050057, Казахстан",Магазин тортов,4.2,135,45,google_maps_apify,new
Almatybuket,+7 702 874 4444,,"пр-т. Абая 47, Алматы 050000, Казахстан",Цветочный магазин,2.8,21,30,google_maps_apify,new
"ТОО ""КазЕвроExim""",+7 771 571 1111,,"Алматы 050000, Казахстан",Продажа фруктов и овощей,,0,15,google_maps_apify,new
"Texvibe| Скатерти, уличные шторы для террасы, униформа, шторы для ресторанов и кафе",+7 777 640 5908,https://www.instagram.com/texvibe?igsh=MXNrMjd5MW5wbTFwdA==,"пр-т. Абая 21, Алматы 050000, Казахстан",Оптовая торговля,,0,15,google_maps_apify,new
Volna,+7 775 007 0795,https://www.volna.kz/,"проспект Достык 248, Алматы 050051, Казахстан",Пивной магазин,,0,15,google_maps_apify,new
"ДОСТАВКА АЛКОГОЛЯ, ПИВА ЗА 10-20 МИН В АЛМАТЫ КРУГЛОСУТОЧНО",+7 707 938 7183,https://tootapp.kz/,"ул. Сатпаева 24, Алматы 050063, Казахстан",Пивной магазин,3.9,22,30,google_maps_apify,new
Ledshop.kz,+7 777 249 2538,http://ledshop.kz/,"улица Шевченко 162А, Алматы 050000, Казахстан",Оптовая продажа светотехнического оборудования,5,5,15,google_maps_apify,new
Give The Gifts,+7 727 313 7783,,"Бизнес-центр Сарканд, пр. Н.Назарбаева 248, Алматы 050000, Казахстан",Оптовая торговля,1,1,15,google_maps_apify,new
Logoprom,+7 777 224 4666,http://xn--80anehn5d.kz/,"310, Абай даңғылы 115/96, Алматы 050008, Казахстан",Производитель сувениров,4.6,9,15,google_maps_apify,new
Volna,+7 775 007 0795,https://www.volna.kz/,"улица Манаса 75В, Алматы 050000, Казахстан",Пивной магазин,1,1,15,google_maps_apify,new
Домашний бисквит,+7 747 666 5018,http://biscuit.kz/,"Манаса 53А, уг, ул. Жандосова, Алматы 050057, Казахстан",Пекарня с оптовым магазином-булочной,3.5,15,15,google_maps_apify,new
Белорусские продукты № 1,+7 705 739 8000,https://belostan.kz/,"Алматы микрорайон Жетысу-2 86А, Алматы 050063, Казахстан",Колбасные изделия,,0,15,google_maps_apify,new
Белорусские продукты № 1,+7 705 739 8000,https://belostan.kz/,"Алматы микрорайон 6-й 11Б, Алматы 050036, Казахстан",Колбасные изделия,,0,15,google_maps_apify,new
Цветочный магазин Оранж Абая Алтынсарина Цветы Алматы ОРАНЖ Заказать Доставку Букетов из роз,+7 707 820 0729,https://orange-flowers.kz/,"5-й микрорайон 14, Алматы 050024, Казахстан",Цветочный магазин,3.7,3,15,google_maps_apify,new
E-Stroymart,+7 701 202 2588,https://www.e-stroymart.kz/,"ЖК Жасмин, мкр. 1, д.77/3, Алматы 050500, Казахстан",Магазин сантехники,3.8,35,30,google_maps_apify,new
Дари Эмоции,+7 707 924 0567,https://dariemocii.kz/,"Жунисова улица 12/8, Алматы, Казахстан",Производитель сувениров,5,4,15,google_maps_apify,new
Кенжехан,+7 771 857 7272,,"8WC2+W9R, Алматы, Казахстан",Торговый центр,4.2,1777,75,google_maps_apify,new
Almaflowers - Доставка цветов Алматы | Цветы в Алматы | Пионы в Алматы | Букеты | Подарки,+7 777 096 2222,https://almaflowers.kz/,"ул. Суюнбая 251/4, просп. Суюнбая 251/1, Алматы 050000, Казахстан",Доставка цветов,4.3,113,45,google_maps_apify,new
Склад Кормов Purina,+7 778 214 6317,http://adaljem.kz/,"ул. Шолохова 1, Алматы, Казахстан",Магазин,,0,15,google_maps_apify,new
Flowers Shop,+7 707 313 2121,,"просп. Суюнбая 251/1, Алматы, Казахстан",Цветочный магазин,4.6,19,15,google_maps_apify,new
Белорусские продукты № 1,+7 705 739 8000,https://belostan.kz/,"просп. Суюнбая Аронулы 261, Алматы 050054, Казахстан",Колбасные изделия,,0,15,google_maps_apify,new
"Светодиодные светильники и LED панели от ТОО ""ELEKTRO-SKLAD.KZ""",+7 777 516 3232,,"пр-т. Сейфуллина 51/5, Алматы 050035, Казахстан",Оптовая торговля,5,10,15,google_maps_apify,new
Aza Shop,+7 708 922 7504,https://www.instagram.com/azashopmens?igsh=YnRwOTB2MjVkODJ3,"Северное Кольцо 120/4, Алматы, Казахстан",Магазин мужской одежды,5,1,15,google_maps_apify,new
"Агенство коммерческой недвижимости, управляющая компания",+7 707 831 4412,,"ул. Стасова 102/2, Алматы 050000, Казахстан",Магазин спецодежды,4.2,29,30,google_maps_apify,new
Sovenok,+7 702 661 7638,https://www.instagram.com/sovenok_for_baby/,"бутик 7, ул. Северное Кольцо, рынок Кенжехан, ряд 18а, Алматы 050024, Казахстан",Магазин детской одежды,5,2,15,google_maps_apify,new
Turkiadan,+7 771 847 5201,https://www.instagram.com/turkiadan_kz/,"бутик 13, ул. Северное кольцо, рынок Кенжехан, ряд 18а, Алматы 050024, Казахстан",Магазин нижнего белья,5,4,15,google_maps_apify,new
Купить запчасти для бытовой техники | Maestro extra интернет-магазин,+7 700 390 0252,https://maestro.cts.kz/,"бутик 7, ул. Аймауытова 11, Алматы 050011, Казахстан",Поставщик запчастей для бытовой техники,5,3,15,google_maps_apify,new
Froot,+7 707 000 3612,,"микрорайон Аксай-1А, 30А, Алматы 050000, Казахстан",Продовольственный магазин,5,1,15,google_maps_apify,new
Etop,+7 877 710-72-22,,"пр-т. Райымбека 7, Алматы, Казахстан",Магазин детской одежды,4.3,69,30,google_maps_apify,new
Хан-Таныры,+7 771 316 8454,,"ул. Елемесова 60, Алматы 050031, Казахстан",Поставщик продуктов питания,4,12,15,google_maps_apify,new
ТПК Ожет,+7 771 800 8007,,"Бекболата ул. 1 б, Алматы, Казахстан",Агентство по аренде торговых площадей,4.1,288,45,google_maps_apify,new
ЗАПЧАСТИ BMW,+7 702 978 0414,,"Северное Кольцо 36, Алматы, Казахстан",Авторынок,4.4,85,30,google_maps_apify,new
BabyMore,+7 702 955 0008,https://www.instagram.com/babymore_optom/,"шоссе Северное Кольцо, 36г, ТЦ Laleli Plaza​, бутик 18-19, Алматы 050024, Казахстан",Магазин детской одежды,5,1,15,google_maps_apify,new
Белорусское Качество,+7 747 893 1659,,"просп. Суюнбая 261, Алматы 050054, Казахстан",Магазин,,0,15,google_maps_apify,new
Руторг,+7 705 555 8449,https://rutorg.kz/,"мкр. Самгау, ул. кокорай 75А, Алматы, Казахстан",Оптовая продажа тканей,5,118,45,google_maps_apify,new
Paperчили,+7 707 727 2222,,"ул. Кабдолова, Алматы 050000, Казахстан",Оптовая продажа специй,4.2,5,15,google_maps_apify,new
Gold Food,+7 7272 29 42 19,,"7V54+9M3, ул. Отрарская, Алматы, Казахстан",Оптовый магазин окороков,3.8,6,15,google_maps_apify,new
Доставка продуктов Алматы,+7 701 767 0748,,"мкр. Айгерим, ул. Саги Ашимова 203, Алматы, Казахстан",Оптовая торговля за наличный расчёт без доставки товара,5,2,15,google_maps_apify,new
PRIME GOODS,+7 706 410 1512,https://primegoods.kz/,"ул. Асабая Мамытова 99, Алматы 050047, Казахстан",Оптовая торговля за наличный расчёт без доставки товара,,0,15,google_maps_apify,new
"Магазин ""Тепличные товары""",+7 771 300 2283,https://bmax.kz/,"пр-т. Турара Рыскулова 105/1, Алматы 050061, Казахстан",Оптовая торговля,2,1,15,google_maps_apify,new
"Белорусские Продукты (Магазин, интернет-магазин ""Беларуская Хатка"")",+7 7272 91 10 85,http://www.belhatka.kz/,"ул. Карасай Батыра 25, Алматы 050000, Казахстан",Продовольственный магазин,4.6,75,30,google_maps_apify,new
ТОО ТоргСервис КЗ-5,+7 771 574 5158,,"улица Брусиловского 167, Алматы 050000, Казахстан",Оптовый магазин продуктов питания,,0,15,google_maps_apify,new
Dzungla питомник растений,+7 707 411 6898,http://dzungla.kz/,"5RF6+CMJ Обувщик 139, Микрорайон, Тастыбулак, Казахстан",Питомник растений,5,8,15,google_maps_apify,new
Qazaq Industry Company,+7 707 500 7434,,"микрорайон Карагайлы, ул. Кали Надырова 46, Алматы 050000, Казахстан",Оптовая торговля,,0,15,google_maps_apify,new
Казына,,,"5WV3+MM5, Алматы, Казахстан",Рынок,4.4,129,45,google_maps_apify,new
"Рауза-АДЕ, ТОО",+7 7272 65 78 81,http://rauza-ade.kz/,"улица Навои 2, Алматы, Казахстан",Аптека,3.9,30,30,google_maps_apify,new
ЛОТТЕ Рахат магазин,+7 7272 58 47 10 ext. 590,https://www.rakhat.kz/,"улица Жибек Жолы 47, Алматы 050002, Казахстан",Кондитерский магазин,4.6,902,60,google_maps_apify,new
"ТОО ""Рукоделие""",+7 727 333 1818,http://www.rukodelie.kz/,"улица Чокана Валиханова 47, Алматы 050002, Казахстан",Магазин пряжи,4.5,359,45,google_maps_apify,new
Shtuchka Almaty,+7 701 338 8286,,"улица Кунаева 21, Алматы 050000, Казахстан",Оптовый продавец одежды,,0,15,google_maps_apify,new
cvetyalmaty-24.kz,+7 708 254 2206,,"улица Панфилова 17, Алматы 050016, Казахстан",Оптовая продажа цветов,1,2,15,google_maps_apify,new
Морские деликатесы,+7 707 270 1240,https://instagram.com/morskiedelikatesy1?igshid=NzZlODBkYWE4Ng==,"улица Жибек Жолы 53, Алматы 050000, Казахстан",Рыбный магазин,5,1,15,google_maps_apify,new
Детская одежда оптом в Kinderzon,+7 775 828 9330,,"улица Наурызбай Батыра 8, Алматы 050000, Казахстан",Оптовая торговля,5,2,15,google_maps_apify,new
Gulliver,,,"улица Наурызбай Батыра 8, Алматы 050000, Казахстан",Оптовый рынок,,0,15,google_maps_apify,new
Аптечный Склад,+7 7272 33 56 83,,"улица Чайковского 28, Алматы 050000, Казахстан",Аптека,3.6,114,45,google_maps_apify,new
Кондитерская фабрика ЛОТТЕ Рахат,+7 7272 58 47 10 ext. 590,https://www.rakhat.kz/,"ул. Зенкова, Алматы 050000, Казахстан",Кондитерский магазин,4.5,2174,75,google_maps_apify,new
Бытовая химия оптом | OASIS-SAUDA,+7 7272 20 88 30,https://oasis-sauda.kz/catalog/bytovaya-himiya/,"проспект Сейфуллина 404/67 корпус B2, Алматы 050050, Казахстан",Оптовая торговля,,0,15,google_maps_apify,new
ТОО CIS MARKET,+7 727 339 7727,https://cismarket.kz/,"пр-т. Райымбека дом 165А, Алматы, Казахстан",Поставка товаров для пищевых производств,5,2,15,google_maps_apify,new
Karabura Distribution,+7 747 126 3416,https://instagram.com/karabura_distribution_official?igshid=YmMyMTA2M2Y=,"ул. Гайдара 115, Алматы 050000, Казахстан",Поставщик продуктов питания,,0,15,google_maps_apify,new
Салон ковров Алматы Клем,+7 727 395 4607,http://www.almatykilem.kz/,"улица Толе Би 187, Алматы 050000, Казахстан",Магазин товаров для дома,4.6,10,15,google_maps_apify,new
Оптово розничный рынок Арлан,,https://www.instagram.com/arlanbazar?igsh=OGVkaHZmaWNha2Fz&utm_source=qr,"8W82+GJ2, Алматы, Казахстан",Рынок,4,2,15,google_maps_apify,new
TAC в Алматы,+7 707 343 4828,http://tackazakhstan.kz/,"Торговый дом Арлан, Северное Кольцо 92/7, Алматы 050024, Казахстан",Магазин постельного белья,5,2,15,google_maps_apify,new
DNS,+7 800 080-70-22,https://dns-shop.kz/,"улица Толе Би 185, Алматы 050000, Казахстан",Магазин бытовой техники,,0,15,google_maps_apify,new
KULIK SYSTEM,+7 700 720 0012,https://ergokreslo.kz/,"улица Толе Би 187 правое крыло, этаж 1+, Алматы, Казахстан",Магазин офисной мебели,5,1,15,google_maps_apify,new
POLYWORKS,+7 727 379 6681,http://www.polyworks.kz/,"Төле би көшесі 187, Алматы 050008, Казахстан",Компьютерный магазин,5,7,15,google_maps_apify,new
Картриджная компания CLA,+7 727 375 1757,https://copyline.kz/,"улица Толе Би 180Б, Алматы 050000, Казахстан",Оптовая торговля,,0,15,google_maps_apify,new
Одежда Алматы,+7 707 445 0785,https://instagram.com/youcase.kz?utm_medium=copy_link,"пр-т. Абая 115, Алматы 050000, Казахстан",Магазин одежды,,0,15,google_maps_apify,new
Рынок Болашак,+7 776 077 0176,,"Алматы, Казахстан",Вещевой рынок,4.1,9489,90,google_maps_apify,new
Optom nizhnee belie Almaty,+7 702 185 4277,https://instagram.com/optom_nizhnee_belie_almaty?utm_medium=copy_link,"Бекболата 1B, рынок Ожет, сектор B, ряд 8, коннтеинер 150, Алматы 050024, Казахстан",Магазин нижнего белья,,0,15,google_maps_apify,new
Ufuk carpet,+7 747 600 5576,,"Бекболата улица 2/2, Алматы 050024, Казахстан",Магазин ковров,5,14,15,google_maps_apify,new
Pera by mersi,+7 775 220 5634,,"Рынок ожет 5.ряд - бутик 28А, Алматы, Казахстан",Оптовый продавец одежды,5,1,15,google_maps_apify,new
Alcomarket,+7 7272 79 56 91,,"ул. Макатаева 154, Алматы 050012, Казахстан",Магазин спиртных напитков,4.5,414,45,google_maps_apify,new
KazakhUpack Алматы - Пластиковая упаковка под пищевые и промышленные продукты,+7 727 310 0684,https://kazakhupack.kz/,"пр-т. Райымбека 212, Алматы 050000, Казахстан",Оптовая продажа изделий из пластика,5,92,30,google_maps_apify,new
Магазин Ракса Бар,+7 707 027 9098,,"6XW4+44W, улица Курмангазы, Алматы 050000, Казахстан",Магазин,4.5,394,45,google_maps_apify,new
Канцелярские товары,+7 747 600 7409,,"улица Вольная 3А, Алматы 010000, Казахстан",Оптовая торговля,5,2,15,google_maps_apify,new
Froot,+7 707 000 3612,,"улица Кунаева 119, Алматы 050010, Казахстан",Продовольственный магазин,2.9,13,15,google_maps_apify,new
Магазин «Арсенал Кондитера»,+7 708 170 9007,http://www.arsenal-konditera.kz/,"улица Розыбакиева 37Б, Алматы, Казахстан",Товары для оформления тортов,4.6,165,45,google_maps_apify,new
"ТОО ""ХАТБЕР-Казахстан""",+7 727 356 5366,http://hatber.kz/,"ул. Жибек-Жолы 135, Алматы 050000, Казахстан",Оптовая продажа канцелярских товаров,3.8,28,30,google_maps_apify,new
Белорусские продукты № 1,+7 705 739 8000,https://belostan.kz/,"улица Толе Би 165, Алматы 050026, Казахстан",Колбасные изделия,3.8,5,15,google_maps_apify,new
Магазин спорттоваров ABKSPORT,+7 702 101 0521,http://www.netsport.kz/,"улица Жамбыла 66, Алматы 050000, Казахстан",Магазин спорттоваров,4.5,186,45,google_maps_apify,new
"Meat Master, магазин стейков, мясных деликатесов и полуфабрикатов",+7 777 847 3535,http://meat-master.kz/,"улица Наурызбай Батыра 68, Алматы 050000, Казахстан",Продовольственный магазин,4.8,5,15,google_maps_apify,new
"Компьютерный магазин ТОО ""Пульсер""",+7 700 356 8000,http://www.pulser.kz/,"улица Казыбек Би 29, Алматы 050010, Казахстан",Компьютерный магазин,4.6,1209,75,google_maps_apify,new
"Дезинфицирующие средства - ТОО ""Megados""",+7 705 222 2924,http://megados.kz/,"улица Жамбыла 114/85, Алматы 050050, Казахстан",Оптовая торговля за наличный расчёт без доставки товара,5,2,15,google_maps_apify,new
Магазин Хозяюшка,+7 701 707 5320,,"улица Гоголя 100, Алматы 050000, Казахстан",Магазин товаров для дома,4.7,142,45,google_maps_apify,new
"Магазин зоотоваров ""ZOOMARKET""",+7 7272 93 53 87,http://zoomarket.kz/,"улица Жамбыла 131, Алматы 050000, Казахстан",Зоомагазин,4.7,251,45,google_maps_apify,new
"MIJUKI детские подгузники, трусики, памперсы, японские, все размеры подгузников в Алматы и по Казахстану. Быстрая доставка",+7 707 828 1106,https://mijuki.kz/,"улица Егизбаева 13а, Алматы 050046, Казахстан",Многоразовые пеленки и подгузники,5,2,15,google_maps_apify,new
Интернет магазин vsemarket Оптово розничный Фулфилмент,+7 771 563 6200,http://vsemarket.kz/,"улица Крылова 14, Алматы 050061, Казахстан",Интернет-магазин,5,4,15,google_maps_apify,new
Интернет-магазин Aeon,+7 701 224 2725,https://aeon.kz/contacts,"Шарипова, 90 уг, улица Жамбыла, Алматы, Казахстан",Оптовая торговля,,0,15,google_maps_apify,new
Froot.kz,+7 707 000 3612,,"ул. Шарипова 89/177, Алматы 050000, Казахстан",Продовольственный магазин,,0,15,google_maps_apify,new
"Постельное бельё Алматы ""ALA TEXTILE""",+7 747 846 2584,https://instagram.com/ala_textile_almaty?igshid=NGVhN2U2NjQ0Yg==,"улица Орманова 15A, Алматы, Казахстан",Магазин постельного белья,3.7,6,15,google_maps_apify,new
Greenway (Гринвей),+7 707 233 7575,,"улица Гоголя 86, Алматы 060050, Казахстан",Оптовая продажа товаров повседневного спроса,,0,15,google_maps_apify,new
Рыбный холодильник,,,"7WGG+P6C, Алматы, Казахстан",Магазин,4.1,14,15,google_maps_apify,new
"Торговая компания OASIS Group Distribution Алматы | Бытовая химия, Товары для дома, Средства личной гигиены оптом",+7 7272 20 88 30,https://oasis-sauda.kz/,"проспект Сейфуллина 404/67 корпус B2, Алматы 050050, Казахстан",Оптовая продажа товаров повседневного спроса,,0,15,google_maps_apify,new
Аюпские Сладости,+7 771 800 0179,,"Улица Герасима 55/48, Алматы 050018, Казахстан",Оптовая продажа кондитерских изделий,4.7,3,15,google_maps_apify,new
Gulmarket,+7 775 337 7077,https://gulmarket.kz/,"проспект Абылай Хана 68, Алматы 050046, Казахстан",Доставка цветов,1.8,5,15,google_maps_apify,new
"ТОО ""Redline Retail""",+7 777 700 6688,https://rlr.kz/,"ул. Амангельды 4, Алматы 050000, Казахстан",Оптовая торговля,,0,15,google_maps_apify,new
"ТОО «Авангард - спецодежда Казахстан» Спецодежда, Спецобувь, СИЗ.",+7 727 390 7907,https://www.avangard-sp.kz/,"просп. Суюнбая 89 Б, Алматы 050000, Казахстан",Магазин спецодежды,4.9,68,30,google_maps_apify,new
Магазин Бул Бул,,,"7XJJ+F43, Алматы, Казахстан",Супермаркет,4,422,45,google_maps_apify,new
АлкоМаркет,+7 747 542 7017,,"7W4C+6JH, Алматы 050000, Казахстан",Оптовая продажа алкогольных напитков,2.8,6,15,google_maps_apify,new
Tanauto Kazakhstan,+7 747 111 7333,http://www.tanauto.kz/,"пр-т. Райымбека 169А, Алматы 050050, Казахстан",Оптовая торговля,4.7,14,15,google_maps_apify,new
Arsi Group,+7 775 233 7777,http://www.arsi.kz/,"улица Казыбаева 1, Алматы 050050, Казахстан",Оптовая торговля,4.9,33,30,google_maps_apify,new
Продать рыбу Google,+7 701 672 0051,https://fishdelicatesse.kz/,"ул. Жибек-Жолы 67, Алматы 050004, Казахстан",Магазин,5,7,15,google_maps_apify,new
Kiwano,+7 700 303 3388,http://www.kiwano.kz/,"пр-т. Сейфуллина 499а, Алматы 050000, Казахстан",Магазин косметики и парфюмерии,4.2,68,30,google_maps_apify,new
Белорусские Продукты №1,,https://www.instagram.com/belorusskie_vkusnosty_almaty/,"улица Маншук Маметовой д.22, Алматы 050004, Казахстан",Продовольственный магазин,4.4,7,15,google_maps_apify,new
Белорусские продукты № 1,+7 705 739 8000,https://belostan.kz/,"улица Иштван Коныра 112, Алматы 050019, Казахстан",Колбасные изделия,,0,15,google_maps_apify,new
Meteorit.kz,+7 727 339 6800,http://meteorit.kz/,"пр-т. Райымбека 115/23А, Алматы 050016, Казахстан",Оптовая торговля,3.7,3,15,google_maps_apify,new
Белорусские продукты № 1,+7 705 739 8000,https://belostan.kz/,"улица Оренбургская 2, Алматы 050007, Казахстан",Колбасные изделия,,0,15,google_maps_apify,new
TOO OTR GROUP - продажа запчастей для спецтехники,+7 701 433 9236,https://otr-group.kz/,"пр-т. Турара Рыскулова 72, Алматы 050016, Казахстан",Магазин автозапчастей,5,384,45,google_maps_apify,new
Цветы Алматы ОРАНЖ Заказать Доставку Букетов из роз от ОРАНЖ МЕГАПАРК (Сейфуллина 410),+7 707 820 0729,https://orange-flowers.kz/,"пр-т. Сейфуллина 410, Алматы 050000, Казахстан",Цветочный магазин,5,4,15,google_maps_apify,new
Белорусские продукты № 1,+7 705 739 8000,https://belostan.kz/,"улица Жибек Жолы 53, Алматы 050002, Казахстан",Колбасные изделия,,0,15,google_maps_apify,new
"ТОО ""Krinner Kazakhstan""",+7 7272 23 87 79,http://www.krinner.kz/,"ул. имени Есенберлина, Алматы, Казахстан",Строительная компания,5,2,15,google_maps_apify,new
Volna,+7 775 007 0795,https://www.volna.kz/,"улица Маншук Маметовой 25, Алматы 050004, Казахстан",Пивной магазин,5,1,15,google_maps_apify,new
ТОО ARIAN IMPEX ( АРИАН ИМПЕКС ) - индийский чай,+7 701 731 2932,https://arianimpex.all.biz/?utm_source=google&utm_medium=gmb&utm_term=gmb,"пр-т. Сейфуллина 392, Алматы 050050, Казахстан",Оптовая торговля,2,2,15,google_maps_apify,new
SHOK,+7 776 264 8152,http://www.dauscher.kz/,"ул. Жибек-Жолы 135, Алматы 050000, Казахстан",Оптовая продажа бытовой техники,1,2,15,google_maps_apify,new
Сапар и Боря фурнитура,,,"улица Жангельдина 31, Алматы 050000, Казахстан",Цветочный магазин,5,2,15,google_maps_apify,new
"Канц-Тенгри, ТОО",+7 7272 20 98 58,https://kanz-tengri.kz/,"улица Чайковского 22, Алматы 050004, Казахстан",Магазин канцелярских товаров,5,21,30,google_maps_apify,new
peptidesco-asia,+7 701 608 7951,https://peptidesco-asia.kz/,"улица Толе Би 73а, Алматы 050012, Казахстан",Оптовая продажа лекарственных средств,5,32,30,google_maps_apify,new
"ТОО ГК Велунд Сталь Металлопрокат, Трубы, Листы, Сталь в Алматы",+7 727 312 3823,https://almaty.gkws.kz/,"Сейфуллина 404/67 В2, 5 этаж, кабинет 505, Алматы 050000, Казахстан",Поставщик металлопроката,4.9,40,30,google_maps_apify,new
Volna,+7 775 007 0795,https://www.volna.kz/,"пр-т. Сейфуллина 330, Алматы 050050, Казахстан",Пивной магазин,5,1,15,google_maps_apify,new
GLOBAL-KANS,+7 775 866 8701,http://www.g-k.kz/,"пр-т. Назарбаева 103, улица Гоголя 86, Алматы 050000, Казахстан",Магазин канцелярских товаров,3.7,3,15,google_maps_apify,new
"Цемент, пеноплэкс | Stroymagaz Алматы",+7 777 010 5252,http://stroymagaz.kz/,"7XPV+FVM, Алматы, Казахстан",Оптовая продажа строительных материалов,5,9,15,google_maps_apify,new
ТОО Компания Интеркомсеть,+7 702 169 1174,https://intercomset.kz/,"просп. Суюнбая 50, Алматы 050016, Казахстан",Оптовая торговля,4.5,2,15,google_maps_apify,new
КОМФОРТ.KZ,+7 706 615 1088,https://smmpro.kz/,"ул. Макатаева 25, Алматы, Казахстан",Магазин постельного белья,4.7,17,15,google_maps_apify,new
И-АР-СИ Дистрибьюшн Казахстан,+7 727 338 5754,https://erc-distribution.kz/,"мкр.Кок-Тобе, ул.Сагадата Нурмагамбетова д.87, Алматы 050010, Казахстан",Оптовая торговля,,0,15,google_maps_apify,new
Магазин спортивных товаров,+7 727 385 0090,,"улица Желтоксан 17, Алматы 050000, Казахстан",Магазин,4.7,16,15,google_maps_apify,new
Balahi,+7 775 180 0171,http://www.balahi.kz/,"улица Наурызбай Батыра 7Б, Алматы 050000, Казахстан",Магазин игрушек,3,2,15,google_maps_apify,new
Virgin Beauty,+7 727 333 7772,https://virgin-nail.kz/,"улица Панфилова 73, Алматы 050000, Казахстан",Фирменный магазин,4.7,306,45,google_maps_apify,new
G.Winner,+7 701 988 6888,https://gwinner.kz/,"улица Грибоедова 80, Алматы 050016, Казахстан",Оптовая торговля,,0,15,google_maps_apify,new
GAISSINA,+7 701 774 7772,,"ТД «Пассаж « Кунаева-Жибек жолы ,1эт 107 бутик, Алматы, Казахстан",Магазин женской одежды,3.2,13,15,google_maps_apify,new
Jamilya.flowers,+7 707 600 5066,,"улица Панфилова, Алматы, Казахстан",Цветочный магазин,4.6,18,15,google_maps_apify,new
Торговый Дизайн,+7 778 870 1881,https://t-d.kz/,"пр-т. Райымбека 169 А, Алматы, Казахстан",Оборудование для пищевой промышленности,2.2,29,30,google_maps_apify,new
"ИП ""Abyroi""",+7 707 233 0707,,"ул.Набережная, 24 угол, улица Титова, Алматы, Казахстан",Оптовая торговля,,0,15,google_maps_apify,new
ЛОТТЕ Рахат фирменный магазин №1,+7 7272 58 47 10 ext. 590,https://rakhat.kz/,"ул. Зенкова 2А, Алматы 050000, Казахстан",Кондитерский магазин,5,1,15,google_maps_apify,new
Интернет-магазин электроники и электротехники METOO,+7 771 993 4191,https://metoo.kz/,"улица Желтоксан 37, Алматы 050004, Казахстан",Интернет-магазин,4.5,48,30,google_maps_apify,new
"Салон итальянской мебели ""Акниет""",+7 701 789 8418,http://www.akniet.kz/,"пр-т. Райымбека 92, Алматы 050016, Казахстан",Магазин мебели,4.7,44,30,google_maps_apify,new
"Магазин ТОО ""SAFETY GROUPS"" Спецодежда.",+7 706 608 8944,http://www.safety-group.kz/,"бц Жетысу, м, пр-т. Райымбека 211, Алматы 050016, Казахстан",Магазин одежды,3.3,13,15,google_maps_apify,new
Верненский Рынок,+7 708 951 4988,,"улица Менделеева, Алматы, Казахстан",Продуктовый рынок,4.2,1388,75,google_maps_apify,new
GLOBAL PACK KZ,+7 775 007 7713,http://grandpack.kz/,"пр-т. Турара Рыскулова 61-Е, Алматы 050050, Казахстан",Оптовая торговля,4.3,7,15,google_maps_apify,new
ТОО Актив-Снаб,+7 727 317 1306,https://aktiv-snab.all.biz/?utm_source=google&utm_medium=gmb&utm_term=gmb,"ул. Рыскулова57 1, Алматы 050050, Казахстан",Производитель,5,1,15,google_maps_apify,new
TOO PAPIRONE,+7 701 233 9541,https://papirone.kz/,"ул. Казыбаева 264, Алматы, Казахстан",Оптовая торговля,4.5,8,15,google_maps_apify,new
Сement Trade,+7 727 364 5555,http://www.cemtrade.kz/,"улица Казыбаева 262, Алматы 050014, Казахстан",Магазин строительных товаров,4.4,36,30,google_maps_apify,new
AK Cent Microsystems,+7 727 341 0525,http://www.ak-cent.kz/,"Атырау микрорайон 159/8, Алматы 050019, Казахстан",Оптовая торговля,4.6,92,30,google_maps_apify,new
Бейо Тукым,+7 727 390 4072,http://www.bejo.kz/,"ул. Шемякина 195, Алматы 050056, Казахстан",Поставщик семян,4.8,13,15,google_maps_apify,new
КоМИльфо трейд,+7 747 885 4328,https://komilfo-trade.satu.kz/,"ул. Руставели 3, Алматы 050056, Казахстан",Оптовая продажа строительных материалов,5,33,30,google_maps_apify,new
"Изотех Строй ""Izoteh Stroy""",+7 702 202 6570,,"пр-т. Райымбека 211, Алматы, Казахстан",Оптовая продажа строительных материалов,5,2,15,google_maps_apify,new
Alma Chocolates - Производство брендированных шоколадных подарков,+7 707 317 3217,http://www.almachocolates.kz/,"пр-т. Райымбека 2, Алматы 050002, Казахстан",Магазин шоколада,3.9,11,15,google_maps_apify,new
Электротехника,+7 7272 34 30 10,https://www.electrotechnika.kz/,"Плодовая ул. 64, Алматы 050050, Казахстан",Магазин электротоваров,4.7,28,30,google_maps_apify,new
Caramel shop,+7 701 272 7077,https://www.instagram.com/caramelshop_almaty/?hl=ru,"ТЦ ""ГУМ, улица Кунаева 21, Алматы 050016, Казахстан",Магазин женской одежды,5,2,15,google_maps_apify,new
Magnum Super,+7 727 339 7340,https://magnum.kz/,"улица Гоголя 20, Алматы 050046, Казахстан",Супермаркет,4.2,88,30,google_maps_apify,new
"Ветеринарная Аптека ТОО "" NurTradeCompany """,+7 775 597 4287,https://too-nurtradecompany.satu.kz/,"ветеринарный аптечный склад, Ветаптека, пр-т. Райымбека 221а/4, Алматы, Казахстан",Ветеринарная аптека,4.4,191,45,google_maps_apify,new
Рауза-АДЕ сеть аптечных складов,,http://rauza-ade.kz/,"пр-т. Сейфуллина 472, Алматы 050000, Казахстан",Аптека,2.5,12,15,google_maps_apify,new
glo,+7 800 080-10-80 ext. 5757,https://myglo.kz/,"Park, Алматы улица Макатаева 127/1 ТРК Mega, Алматы 050000, Казахстан",Поставщик табака,5,1,15,google_maps_apify,new
Центр Цветов Romantic,+7 708 880 7777,https://www.instagram.com/almaty_romantic/,"проспект Абылай Хана 64, Алматы 050004, Казахстан",Цветочный магазин,2,9,15,google_maps_apify,new
Плитняк с доставкой по Казахстану,+7 777 153 3335,https://www.camen.kz/,"просп. Суюнбая 50, Алматы 050000, Казахстан",Поставщик камня,,0,15,google_maps_apify,new
Магазин автозапчастей на Тойота и Лексус - LETO,+7 707 310 0013,http://www.leto.kz/,"улица Байтурсынова 11, Алматы 050000, Казахстан",Магазин автозапчастей,4.6,274,45,google_maps_apify,new
Şynaiy brand,+7 777 130 2360,https://instagram.com/synaiy.brand?utm_medium=copy_link,"Новгородская ул. 13, Алматы, Казахстан",Швейное ателье,5,1,15,google_maps_apify,new
Protool.kz,+7 7272 20 77 67,https://protool.kz/,"просп. Суюнбая 43, Алматы 050015, Казахстан",Магазин строительных товаров,4.9,24,30,google_maps_apify,new
Tvoya Krasa - магазин проф. косметики,+7 705 898 8494,,"ул. Макатаева 127/11, Алматы 050000, Казахстан",Оптовая продажа косметики,,0,15,google_maps_apify,new
u4u company,+7 777 215 4246,,"магазин ""Arteq, улица Кунаева дом 25, Алматы 050016, Казахстан",Оптовая продажа электроники,2.7,7,15,google_maps_apify,new
"Зоомагазин ""Любимцы"" на Гоголя",+7 707 909 6121,https://lubimci.kz/,"улица Гоголя 78, Алматы 050000, Казахстан",Зоомагазин,4.3,46,30,google_maps_apify,new
Часовой Центр Перспектива,+7 700 090 9067,https://perspectiva.kz/,"улица Гоголя 111/87, Алматы 050000, Казахстан",Ломбард,4.3,11,15,google_maps_apify,new
GARDASHLAR,,https://instagram.com/gardashlar.kz?igshid=YmMyMTA2M2Y=,"7W5R+V3V, Алматы 050000, Казахстан",Обувной магазин,4.6,5,15,google_maps_apify,new
"Silver Wings ""Серебряные Крылья""",+7 707 288 5556,https://silver-wings.ru/,"БЦ Cascade, пр-т. Сейфуллина 404/67, Алматы 050016, Казахстан",Оптовая торговля за наличный расчёт без доставки товара,,0,15,google_maps_apify,new
AR-KA-TRUCK,+7 777 587 3000,,"пр-т. Турара Рыскулова 72а, Алматы 050000, Казахстан",Оптовая продажа автомобильных принадлежностей,5,1,15,google_maps_apify,new
Спецодежда,+7 708 972 7636,https://too-bisoft.com/,"пр-т. Турара Рыскулова 73а, Алматы 050056, Казахстан",Магазин спецодежды,4.4,7,15,google_maps_apify,new
ТОО Техцентр,+7 7272 73 11 79,http://www.techcentre.kz/,"проспект Абылай Хана 56, Алматы 050000, Казахстан",Поставщик офисного оборудования,4.5,30,30,google_maps_apify,new
Q4 Tulpar Auto,+7 747 095 2581,,"ТЦ ""Алтын Тараз, проспект Абылай Хана 3а, Алматы, Казахстан",Автосалон,2.1,34,30,google_maps_apify,new
TOO Kaz Poliv ( Каз Полив ),+7 705 111 5862,,"пр-т. Сейфуллина 531, Алматы 050000, Казахстан",Оптовая торговля,,0,15,google_maps_apify,new
Asaý Júrek,+7 771 466 1465,https://www.instagram.com/asayjurek/,"улица Валиханова 43, Алматы 050000, Казахстан",Секонд-хенд,4.2,12,15,google_maps_apify,new
abdi,+7 701 351 8488,https://abdi.kz/,"пр-т. Турара Рыскулова 76/7, Алматы, Казахстан",Магазин канцелярских товаров,4.4,74,30,google_maps_apify,new
Серкебаева Айгуль официальный дистрибьютер CORAL CLUB,+7 707 137 3376,https://coral.club/7423953.html,"ул. Герцена 134, Алматы 050056, Казахстан",Консультант по здоровью,4.8,6,15,google_maps_apify,new
Abumi,+7 775 828 6653,https://abumi.kz/,"ул. Казыбаева 272б, Алматы, Казахстан",Оптовая продажа бытовой техники,,0,15,google_maps_apify,new
Plants Company озеленение питомник растений автополив Алматы,+7 702 464 8038,http://plants.kz/,"ул. Артиллерийская 26, Алматы 050000, Казахстан",Питомник растений,4.8,5,15,google_maps_apify,new
Алмаросметиз (Сетка рабица в Алматы),+7 727 339 7780,https://setka.kz/,"Дагестанская ул. 7, Алматы 050056, Казахстан",Компания – изготовитель стальных конструкций,4.5,37,30,google_maps_apify,new
ИП Arsenoil,+7 777 374 4424,,"Демьяна бедного 5/2а, Алматы, Казахстан",Магазин автозапчастей,5,8,15,google_maps_apify,new
Планета Сириус спецодежда,+7 707 666 1715,https://sirius-asker.kz/,"пр-т. Сейфуллина 152, Алматы 050010, Казахстан",Оптовая торговля,5,4,15,google_maps_apify,new
Obuv_vnalichii,+7 747 194 0535,http://instagram.com/obuv_vnalichii,"микрорайон Кулагер дом 10, микрорайон Кулагер 10, Алматы 050000, Казахстан",Обувной магазин,4.7,124,45,google_maps_apify,new
Белорусские продукты № 1,+7 705 739 8000,https://belostan.kz/,"Атырау 159/8, Алматы 050019, Казахстан",Колбасные изделия,1,1,15,google_maps_apify,new
Алмата Инструмент,+7 701 186 4949,https://tools.kz/,"ул. Папанина 72а, Алматы, Казахстан",Магазин инструмента,4.5,13,15,google_maps_apify,new
Интернет-магазин техники IT SKLAD,+7 727 346 9144,https://www.itsklad.kz/,"159/8, пр-т. Турара Рыскулова, Алматы, Казахстан",Магазин электроники,3.9,8,15,google_maps_apify,new
Компания Ас-Ай,+7 775 007 0934,http://asay.kz/,"просп. Суюнбая 163m, Алматы 050056, Казахстан",Продажа грузовых автомобилей,4.4,135,45,google_maps_apify,new
Perfect-tyre,+7 707 760 5050,,"пр-т. Турара Рыскулова 66а, Алматы 050056, Казахстан",Магазин шин и дисков,4.5,32,30,google_maps_apify,new
"Запчасти Камаз|Китайские шины для грузовых авто|Шины на фуру|Шины на грузовые авто оптом|Резина на тягач,на прицеп",+7 777 252 9198,http://www.gl-auto.kz/,"не доезжая, пр-т. Турара Рыскулова 65, Алматы 050000, Казахстан",Оптовая продажа автомобильных принадлежностей,5,5,15,google_maps_apify,new
Алматинский продукт,+7 7272 29 89 85,,"ул. Руставели 3, Алматы, Казахстан",Кондитерский магазин,,0,15,google_maps_apify,new
Металл Профиль,+7 7272 37 70 07,https://almaty.metallprofil.kz/?utm_source=google&utm_medium=maps,"пр-т. Турара Рыскулова д. 61 В, Алматы 050050, Казахстан",Магазин кровельных материалов,4.8,54,30,google_maps_apify,new
"Купить Керамогранит, Ламинат, Гранит, Алюминиевый профиль, Кронштейн, Купить в Алматы ""Алатекс""",+7 700 442 2888,https://stroy-shop.kz/,"ул. Успенского 4/2, Алматы 050000, Казахстан",Строительный магазин,5,17,15,google_maps_apify,new
LETO — сеть магазинов автозапчастей Тойота и Лексус,+7 707 310 6425,http://leto.kz/,"пр-т. Сейфуллина 168б, Алматы 050037, Казахстан",Магазин автозапчастей,4.3,23,30,google_maps_apify,new
Akbalmaty - аккумуляторы в Алматы,+7 747 299 9000,https://akbalmaty.kz/,"ул. Шемякина 290, Алматы 050056, Казахстан",Магазин батарей и аккумуляторов,2,1,15,google_maps_apify,new
"ТОО ""DELS""",+7 777 297 8014,https://dels.kz/,"пр-т. Сейфуллина 284, Алматы 050000, Казахстан",Поставщик офисного оборудования,,0,15,google_maps_apify,new
ПерилаГлавСнаб - Казахстан,+7 727 312 3293,https://perilaglavsnab.kz/,"Иркутская ул. 25, Алматы 050016, Казахстан",Магазин материалов для строительства ограждений,4,1,15,google_maps_apify,new
BALTAU,+7 701 982 3853,https://baltau.kz/,"Шота, ул. Руставели 3, Алматы 050056, Казахстан",Оптовая торговля,4.6,8,15,google_maps_apify,new
REVER home decor,+7 708 171 8407,https://rever.kz/,"пр-т. Турара Рыскулова 52, Алматы 050050, Казахстан",Магазин сувениров,,0,15,google_maps_apify,new
"ВИНТ моноблоки, корпуса, блоки питания",+7 705 577 6410,https://wint.kz/,"ул. Серикова 61, Алматы 050050, Казахстан",Компьютерный магазин,5,8,15,google_maps_apify,new
RINO,+7 707 317 0070,https://rino.kz/,"ул. Серикова 2А, Алматы 050008, Казахстан",Компьютерный магазин,4.5,30,30,google_maps_apify,new
Renault Официальный дилер (Алматы Суюнбая),+7 708 941 0882,http://aster-renault.kz/,"просп. Суюнбая 185, Алматы, Казахстан",Автосалон,4.2,640,60,google_maps_apify,new
AEC Kazakhstan | Almaty electro consult,+7 707 527 2010,https://aecsolutions.kz/,"Бизнес-парк Станица, ул. Халиуллина 71/66, Алматы 050002, Казахстан",Поставщик электрооборудования,5,6,15,google_maps_apify,new
Julius Meinl,+7 771 709 2007,,"просп. Суюнбая 66B, Алматы, Казахстан",Поставщик кофемашин,5,2,15,google_maps_apify,new
LEDA TRUCK,+7 747 220 2324,http://leda-truck.kz/,"ул. Халиуллина 32, Алматы 050000, Казахстан",Магазин автозапчастей,,0,15,google_maps_apify,new
MARTEN LP,+7 727 383 0991,http://marten.kz/,"Chernomorskaya St 10, Алматы 050000, Казахстан",Оптовая продажа компьютерной техники,1,1,15,google_maps_apify,new
Cosmic Garden Coffee™,+7 706 601 1774,https://cosmicgardencoffee.kz/,"ул. Руставели 3, Алматы 050056, Казахстан",Кофейная ростерия,,0,15,google_maps_apify,new
TOO Baraholka-Express.kz,+7 700 050 4242,https://baraholka-express.kz/,"Ратушного 70, Алматы 050016, Казахстан",Оптовая торговля,1,5,15,google_maps_apify,new
"""TRADE CK""",+7 7272 20 72 35,,"ул. Бокейханова 147а, 050000, Алматы, Казахстан",Строительный магазин,5,24,30,google_maps_apify,new
Склад Мебели,+7 775 700 8255,https://wa.me/77757008255,"Алматы 050090, Казахстан",Магазин мебели,3.1,14,15,google_maps_apify,new
Интернет-магазин швейной фурнитуры и товаров для рукоделия MK-STYLE,+7 778 618 2332,https://mk-style.kz/,"улица Ангарская 127, Алматы, Казахстан",Магазин товаров для рукоделия,5,10,15,google_maps_apify,new
Продукты Питания,+7 707 120 0645,http://foods.satu.kz/,"Ратушного 70, Алматы 050050, Казахстан",Оптовая торговля сельскохозяйственной продукцией,,0,15,google_maps_apify,new
Склад дверей в Алматы (Мдвери),+7 705 333 7279,http://skladdverey.kz/,"Ратушного 66, Алматы 050000, Казахстан",Склад дверей,4.5,10,15,google_maps_apify,new
Текемет магазин Ковров,+7 778 376 5195,https://www.instagram.com/tekemet.kovry/,"улица Ангарская 87, Алматы 050016, Казахстан",Текстильная фабрика,5,1,15,google_maps_apify,new
Швейная фурнитура,+7 702 684 7711,http://instagram.com/sfo_almaty,"Северное кольцо 92/7 1,2 ряд 144 контейнер, Алматы, Казахстан",Оптовая продажа нитей и пряжи,,0,15,google_maps_apify,new
"Грузовые шины, Шины для спецтехники Алматы - Vartech",+7 771 990 2782,http://vartech.kz/,"микрорайон Айнабулак 2 40Г, Алматы, Казахстан",Оптовая торговля,4.3,32,30,google_maps_apify,new
Белорусские продукты № 1,+7 705 739 8000,https://belostan.kz/,"пр-т. Сейфуллина 86/20, Алматы 050037, Казахстан",Колбасные изделия,,0,15,google_maps_apify,new
Adenna Trade ТОО,+7 747 154 5359,http://mirkosmetiki.kz/,"Ратушного 70А, Алматы 050050, Казахстан",Магазин косметики и парфюмерии,4.6,8,15,google_maps_apify,new
ТОО МАКМАРТ АЛАТАУ,+7 702 206 9475,http://makmart.com/,"Ратушного 88 Д, Алматы, Казахстан",Оптовая продажа мебели,4.9,9,15,google_maps_apify,new
Nikamart,,,"пр-т. Абая 127-141, Алматы 050000, Казахстан",Торговый центр,5,1,15,google_maps_apify,new
Издательство «Жазушы»,+7 707 620 0087,https://zhazushy.kz/,"пр-т. Абая 143, Алматы 050009, Казахстан",Книгоиздательство,4,4,15,google_maps_apify,new
Myboo - Детская одежда,+7 775 147 6709,,"пр-т. Абая 141, Алматы 050000, Казахстан",Магазин,,0,15,google_maps_apify,new
"Хвойные деревья Питомник ""Коксу""",+7 701 785 5636,,"улица Курмангазы 185, Алматы 050050, Казахстан",Ёлочный питомник,4,1,15,google_maps_apify,new
"Офис ""Чайная лавка"" ""Фирма Экзотик""",+7 707 771 6604,http://exotik-tea.kz/,"улица Курмангазы 185, Алматы 050009, Казахстан",Оптовая продажа чая,5,7,15,google_maps_apify,new
Kobaz,+7 701 914 8425,http://kobaz.kz/,"улица Курмангазы 164, Алматы 050039, Казахстан",Производитель,5,2,15,google_maps_apify,new
Швейный цех,+7 701 457 1482,,"пр-т. Абая 143 517, Алматы 050031, Казахстан",Швейный цех,,0,15,google_maps_apify,new
NMK Market,+7 747 598 2605,,"Северное кольцо 7, рынок ""Байсат"" 18 ряд 6-7 бутик, Алматы, Казахстан",Оптовая торговля,5,2,15,google_maps_apify,new
ТОО KingFisher,+7 708 500 0090,http://www.kingfisher.kz/,"ул. Айманова 155, Алматы 050057, Казахстан",Рыбный магазин,4.5,837,60,google_maps_apify,new
Белорусские продукты № 1,+7 705 739 8000,https://belostan.kz/,"пр-т. Назарбаева 152, Алматы 050000, Казахстан",Колбасные изделия,5,1,15,google_maps_apify,new
"️OPTOVIC.KZ продажа и поставка оборудования, инструментов, станков, подъемного оборудования снабжение.",+7 771 989 1856,https://optovic.kz/,"улица Шевченко 165 Б, Алматы 050000, Казахстан",Магазин инструмента,5,4,15,google_maps_apify,new
"СТОМАТОЛОГИЧЕСКИЕ ИНСТРУМЕНТЫ И МАТЕРИАЛЫ - стоматологический магазин ""СТОМир""",+7 707 288 7333,https://stomir.kz/,"улица Шевченко 165б, Алматы 050000, Казахстан",Всё для стоматологии,5,2,15,google_maps_apify,new
Ювелирная Компания Арт,+7 708 182 5271,https://goldart.kz/,"БЦ МТС, улица Шевченко 165Б, Алматы 050009, Казахстан",Оптовая продажа ювелирных изделий,5,2,15,google_maps_apify,new
"ТОО ""МЕГАСЕРВЕР""",+7 705 183 3996,https://mega-server.kz/,"улица Шевченко 165 Б, Алматы 050009, Казахстан",Оптовая продажа компьютерной техники,,0,15,google_maps_apify,new
Сантехника в Алматы,+7 727 317 8540,,"улица Шевченко 204, Алматы 050000, Казахстан",Магазин,,0,15,google_maps_apify,new
Посуда Мечта Повара,+7 707 221 2228,https://mechta-povara.satu.kz/,"ул. Северное кольцо, 7е, ТЦ Байсат, ряд 38, склад 6/2, Алматы 050058, Казахстан",Магазин посуды из стекла,5,6,15,google_maps_apify,new
"ТОО ""Торговый дом Ecoluffa""",+7 7272 33 65 39,http://ecoluffa.kz/,"улица Казыбаева 3р, Алматы 050050, Казахстан",Оптовая продажа тканей,3.9,8,15,google_maps_apify,new
Новый Ялян Торговый Центр,+7 705 344 8595,https://www.instagram.com/yalyan.kz/,"Северное Кольцо 9/2, Алматы 050054, Казахстан",Торговый центр,4.3,2019,75,google_maps_apify,new
Henry BONNAR,+7 747 094 9999,https://henrybonnar.com/,"ул. Сатпаева 6, Алматы 050013, Казахстан",Цветочный магазин,4.7,868,60,google_maps_apify,new
opttoyschina,+7 700 047 9530,https://opttoyschina.com/,"пр-т. Абая 44а, Алматы 050000, Казахстан",Магазин игрушек,,0,15,google_maps_apify,new
AyA by DK Kazakhstan,+7 700 500 0673,http://ayabydk.com/,"Попова, 15, Шолом-Алейхема 5а, Алматы 050040, Казахстан",Оптовый продавец одежды,5,2,15,google_maps_apify,new
Торговый Дом ТИС,,https://th-tic.com/,"улица Наурызбай Батыра 99/1, Алматы 050000, Казахстан",Оптовая торговля за наличный расчёт без доставки товара,,0,15,google_maps_apify,new
Белорусские продукты № 1,+7 705 739 8000,https://belostan.kz/,"улица Кунаева 119, Алматы 050000, Казахстан",Колбасные изделия,,0,15,google_maps_apify,new
FishDream на Кабанбай Батыра 135,+7 707 357 7771,,"ул. Кабанбай батыра 135, Алматы 050000, Казахстан",Рыбный магазин,5,9,15,google_maps_apify,new
Цветочный магазин ОРАНЖ Алматы Цветы Алматы Заказать Доставку Букетов из роз,+7 707 820 0729,https://orange-flowers.kz/,"Киоск, улица Толе Би 125, Алматы 050000, Казахстан",Цветочный магазин,3,2,15,google_maps_apify,new
Белорусские продукты № 1,+7 705 739 8000,https://belostan.kz/,"улица Александра Попова 17, Алматы 050040, Казахстан",Колбасные изделия,,0,15,google_maps_apify,new
DELTA CHIP,+7 707 261 0303,https://deltachip.kz/,"город, пр-т. Сейфуллина 534, Алматы 050000, Казахстан",Магазин электроники,4.5,422,45,google_maps_apify,new
glo,+7 800 080-10-80 ext. 5757,https://myglo.kz/,"ТРЦ Ramstore All in, пр-т. Назарбаева 226, Алматы 050059, Казахстан",Поставщик табака,4.6,40,30,google_maps_apify,new
Гаухар,+7 775 744 4491,,"6WHJ+879, ул. Тимирязева, Алматы, Казахстан",Поставщик продуктов питания,1.2,18,15,google_maps_apify,new
Euro Flowers,+7 727 387 0318,,"пр. Достык 248 А, Алматы 050020, Казахстан",Цветочный магазин,4.9,11,15,google_maps_apify,new
ANGIOLINI,+7 701 801 7755,http://www.angiolini.kz/,"проспект Aль-Фараби 5/2, Алматы 050000, Казахстан",Магазин верхней одежды,4.7,3,15,google_maps_apify,new
La Casa Del Habano Официальный дистрибьютор настоящих Кубинских сигар,+7 727 328 4702,,"мкр Самал-2, дом 78, Алматы 050059, Казахстан",Магазин сигар,4.9,29,30,google_maps_apify,new
Компания Euroelectric Kazakhstan,+7 701 419 0895,http://euroelectric.kz/,"бул. Бухар-Жирау 27/5, Алматы 050021, Казахстан",Оптовая продажа электрооборудования,4.6,8,15,google_maps_apify,new
Ритц Палас,+7 727 332 2724,https://ritz-palace.kz/,"уг. ул. Достык, проспект Aль-Фараби 1, Алматы, Казахстан",Торговый центр,4.2,2865,75,google_maps_apify,new
"OK Silver кольца, браслеты, серебро, серьги, пирсинг, бусы, амулет, сережки, кулоны, бижутерия, ювелирные украшения, ожерелья",+7 707 745 5514,https://www.instagram.com/ok.silver.kz/,"ул. Тимирязева 53, Алматы 050040, Казахстан",Ювелирный магазин,4.4,7,15,google_maps_apify,new
Accio Store - Магазин Кофемашин и Кофе в Казахстане,+7 778 133 4400,https://acciostore.kz/?utm_source=google_maps&utm_medium=maps,"пр-т. Абая 20, Алматы 050057, Казахстан",Магазин кофе,3.9,9,15,google_maps_apify,new
Zemfish,+7 727 395 8503,,"ул. Муканова 315a, Алматы 050000, Казахстан",Рыбный магазин,1,2,15,google_maps_apify,new
"Velik.kz магазин ведосипедов, прокат велосипедов, сервис",+7 707 296 0777,http://velik.kz/,"пр. Абая, 44/1 Ледовая арена Двореца Спорта им. Б. Шолака (вход с, улица Байтурсынова, Алматы 050000, Казахстан",Веломагазин,4.6,156,45,google_maps_apify,new
Bezgluten,+7 701 747 9384,https://xn--90aefbizp2b9g.kz/,"Коктем 1-й микрорайон 25, Алматы 050040, Казахстан",Оптовая торговля,5,1,15,google_maps_apify,new
Интернет магазин косметики VIPSTORE,+7 727 327 2828,,"бул. Мусрепова 22, Алматы 050000, Казахстан",Магазин косметики и парфюмерии,5,3,15,google_maps_apify,new
Оранж,+7 707 820 0729,https://orange-flowers.kz/,"улица Шевченко 51, Алматы 050000, Казахстан",Цветочный магазин,4,4,15,google_maps_apify,new
Flowers-company,+7 747 870 2471,,"улица Байтурсынова 54/1, Алматы 050012, Казахстан",Цветочный магазин,5,2,15,google_maps_apify,new
Froot,+7 707 000 3612,,"ул. Карасай Батыра 123, Алматы 050000, Казахстан",Продовольственный магазин,,0,15,google_maps_apify,new
Volna,+7 775 007 0795,https://www.volna.kz/,"Алматы, улица Калижана Бекхожина, 36, Алматы 050010, Казахстан",Пивной магазин,1,2,15,google_maps_apify,new
Купить запчасти для бытовой техники | Maestro extra интернет-магазин,+7 777 390 0252,https://maestro.cts.kz/,"ул. Карасай Батыра 141, Алматы 050026, Казахстан",Поставщик запчастей для бытовой техники,4.3,23,30,google_maps_apify,new
"ТОО Мастер Инк ""Service""",+7 7272 72 22 52,http://www.shop-masterinc.kz/,"г. Алматы, ул. Сейфуллина 565/140, угол ул. Кабанбай батыра (бывш.Калинина), Алматы 050012, Казахстан",Магазин канцелярских товаров,4.8,10,15,google_maps_apify,new
Цветочник - цветы в Алматы заказать с доставкой,+7 747 094 8083,https://cvetochnik.kz/,"Абылай хана проспект, 131, улица Шевченко 72, Алматы 050000, Казахстан",Цветочный магазин,2.6,5,15,google_maps_apify,new
Идеальный Дом,+7 727 378 4820,https://almatymebel.kz/,"улица Кожамкулова 193а, Алматы 050000, Казахстан",Магазин мебели,3.6,11,15,google_maps_apify,new
"Lumen.kz | Светодиодные фонари, батарейки и аксессуары",+7 777 122 3535,https://lumen.kz/,"улица Жамбыла 114, Алматы 050012, Казахстан",Оптовая торговля,4.8,5,15,google_maps_apify,new
ST Networks,+7 727 333 0999,http://www.stn.kz/,"улица Муратбаева 180, Алматы 050012, Казахстан",Оптовая торговля,4.9,8,15,google_maps_apify,new
Магазин лучших цен,+7 727 329 5033,,"Никольский базар, ул.Байтурсынова 56А, торговый дом ""ТАУ перед входом на, Алматы, Казахстан",Оптовая продажа керамики,,0,15,google_maps_apify,new
Мастер ИНК «Lomond»,+7 7272 67 40 79,http://www.lomond.kz/,"улица Масанчи 78а, Алматы 050000, Казахстан",Магазин канцелярских товаров,4.7,3,15,google_maps_apify,new
Мастерская Подарков Lime Cube,+7 705 729 7744,https://limecube.kz/,"пр-т. Сейфуллина уг, Алматы 050000, Казахстан",Магазин поздравительных открыток,5,2,15,google_maps_apify,new
ТОО РЦЭО,+7 727 971 0605,https://rceo.kz/,"Биокомбинатская 7а, Алматы 050000, Казахстан",Магазин электротоваров,5,6,15,google_maps_apify,new
"Сигареты, табак, аксессуары",+7 7272 61 06 01,http://www.tabak-vostoka.kz/,"улица Тулебаева 170, Алматы 050000, Казахстан",Торговец табачными изделиями,3.8,8,15,google_maps_apify,new
Smartcase.kz,+7 778 641 3011,https://smartcase.kz/,"Манаса, 54 #16 (1ый этаж, Алматы, Казахстан",Магазин электроники,4.5,31,30,google_maps_apify,new
ТОО Фаиз,+7 700 426 0378,https://faizkz.all.biz/?utm_source=google&utm_medium=gmb&utm_term=gmb,"улица Досмухамедова 89, Алматы 050000, Казахстан",Магазин медицинского оборудования,5,1,15,google_maps_apify,new
SAYAT,+7 777 743 9595,,"проспект Достык 52, Алматы 050063, Казахстан",Объект культурного наследия,5,2,15,google_maps_apify,new
Beautyprof,+7 727 346 8696,https://beautyprof.kz/,"улица Фонвизина 24, Алматы 050020, Казахстан",Магазин товаров для парикмахерских,4.3,6,15,google_maps_apify,new
Мир Керамики,+7 775 007 4434,https://mirceramiki.kz/?utm_source=google&utm_medium=organic&utm_campaign=google_business&utm_content=profile&utm_term=maps,"пр-т. Сейфуллина 574/6, Алматы 020000, Казахстан",Магазин керамической плитки,5,2,15,google_maps_apify,new
Sayat,+7 777 010 5252,,"Жиренше шешен 1, Алматы 050000, Казахстан",Строительный магазин,,0,15,google_maps_apify,new
Line,+7 7272 67 11 77,http://www.line-ltd.kz/,"пр-т. Назарбаева 187А, Алматы 050000, Казахстан",Магазин осветительных приборов,4.4,7,15,google_maps_apify,new
"Чемоданы Алматы ""Chemodany_Bags_kz""",+7 701 905 1841,http://instagram.com/chemodani_bags_kz,"улица Хаджимукана 10а, Алматы 050059, Казахстан",Оптовая продажа багажа,,0,15,google_maps_apify,new
brosh,+7 727 317 7576,,"Нурлы-тау 19к 1б, 6-й этаж, №606, Алматы, Казахстан",Ювелирный магазин,,0,15,google_maps_apify,new
Treagra Safety,+7 727 339 2537,http://www.treagra.kz/,"проспект Достык 240, Алматы 050000, Казахстан",Поставщик спецодежды и средств защиты,5,1,15,google_maps_apify,new
"Luxury Stone - Мрамор, Гранит, Оникс, Травертин в Алматы",+7 777 010 4545,https://luxurystone.kz/,"проспект Достык 202, Алматы 050000, Казахстан",Поставщик мрамора,5,6,15,google_maps_apify,new
ЗооМагия,+7 775 222 2829,https://zoomagiya.kz/,"ул. Сатпаева 30, Алматы 050000, Казахстан",Зоомагазин,5,1,15,google_maps_apify,new
"ТОО ""DPB New Brands""",+7 727 311 5200,http://www.new-brands.kz/,"пр. Аль-Фараби, 7, БЦ ""Нурлы-Тау"", блок 4А, оф. 38, Алматы 050059, Казахстан",Офис компании,,0,15,google_maps_apify,new
СПА оборудование и мебель для салонов красоты в Алматы (Казахстане),+7 727 350 5280,,"пр-т. Сейфуллина 410, Алматы 050016, Казахстан",Салон красоты,1,2,15,google_maps_apify,new
HappyCake,+7 707 777 1144,https://happycake.kz/almaty,"улица Исаака Ньютона 1А, Алматы 050051, Казахстан",Кондитерская,4,31,30,google_maps_apify,new
AplTech.kz (Интернет магазин компьютерной техники),+7 702 008 0048,https://www.apltech.kz/,"улица Фонвизина 15, Алматы 050051, Казахстан",Интернет-магазин,4.8,175,45,google_maps_apify,new
Wamiles Kazakhstan,+7 727 312 2866,https://wamiles.kz/,"пр-т. Назарбаева 240, Алматы 050051, Казахстан",Магазин косметики и парфюмерии,,0,15,google_maps_apify,new
Доставка тортов Алматы,+7 777 571 7858,,"пр-т. Абая 31, Алматы 050000, Казахстан",Магазин тортов,4.1,9,15,google_maps_apify,new
Сапожки-Ботиночки,+7 727 357 2563,,"улица Жолдасбекова 9а, Алматы 050044, Казахстан",Обувной магазин,5,1,15,google_maps_apify,new
Dan King LLP,+7 7272 50 11 40,https://danking.kz/,"Samal1, h21, of12, Алматы 050051, Казахстан",Оптовая продажа кофе,3.4,5,15,google_maps_apify,new
ШНАПСЕР,+7 747 883 7670,http://www.schnapser.kz/,"пр-т. Сейфуллина 574/5, Алматы 050013, Казахстан",Оптовая продажа товаров повседневного спроса,5,1,15,google_maps_apify,new
SMARTSERVICE.KZ – центр сборки и продажи компьютеров,+7 708 277 7564,https://smartservice.kz/,"пр-т. Абая 52В, Алматы 050000, Казахстан",Оптовая продажа компьютерной техники,5,15,15,google_maps_apify,new
Forward L,+7 775 116 6818,https://www.forwardl.com/,"проспект Aль-Фараби 53б, Алматы 050040, Казахстан",Оптовая продажа компьютерной техники,,0,15,google_maps_apify,new
Уничтожители бумаг,+7 727 354 3553,https://www.shreder.kz/shop-1/%D0%A3%D0%BD%D0%B8%D1%87%D1%82%D0%BE%D0%B6%D0%B8%D1%82%D0%B5%D0%BB%D1%8C-%D0%B4%D0%BE%D0%BA%D1%83%D0%BC%D0%B5%D0%BD%D1%82%D0%BE%D0%B2-%D0%A8%D1%80%D0%B5%D0%B4%D0%B5%D1%80-office-kit-sa152-4%D1%8512-%D1%81-%D0%B0%D0%B2%D1%82%D0%BE%D0%BF%D0%BE%D0%B4%D0%B0%D1%87%D0%B5%D0%B,"улица Панфилова 57, Алматы 050000, Казахстан",Поставщик офисного оборудования,,0,15,google_maps_apify,new
Korealine.kz,+7 707 784 3388,http://korealine.kz/,"ул. Кабдолова 1, Алматы 050000, Казахстан",Торговый центр,5,1,15,google_maps_apify,new
ОптоМаркет,+7 700 710 1101,,"ул. имени Куприна 1, Алматы 050061, Казахстан",Оптовая торговля,,0,15,google_maps_apify,new
KoreanStyle Cos,+7 705 196 3553,,"5-й микрорайон 19Б, Алматы 050000, Казахстан",Оптовая продажа косметики,,0,15,google_maps_apify,new
Ковры Алматы,+7 701 486 0302,,"ул. Кабдолова 24/1, Алматы, Казахстан",Магазин товаров для дома,4.4,51,30,google_maps_apify,new
Авторынок Жибек Жолы,+7 702 600 5001,,"6RP3+QCH, пр-т. Райымбека, Алматы, Казахстан",Рынок автозапчастей,4,13228,90,google_maps_apify,new
Белорусские продукты № 1,+7 705 739 8000,https://belostan.kz/,"Алматы микрорайон Аксай-2 52Б, Алматы 050031, Казахстан",Колбасные изделия,3,3,15,google_maps_apify,new
женская одежда,,,"Карбышева 2, Алматы, Казахстан",Оптовый продавец одежды,,0,15,google_maps_apify,new
"Группа Компаний ""Alina""",+7 701 218 8380,http://alina.kz/,"ул. Казыбаева 20, Алматы 050050, Казахстан",Производитель,3.5,11,15,google_maps_apify,new
"Айс Фуд Азия, ТОО",+7 777 210 9221,https://icefoodasia.all.biz/?utm_source=google&utm_medium=gmb&utm_term=gmb,"пр-т. Райымбека 496а, Алматы, Казахстан",Консервный завод,5,2,15,google_maps_apify,new
Прайм Тулс - инструмент и оборудование для СТО,+7 747 095 1121,https://prime-tools.kz/,"г. Алматы ТЦ Car City, 2 ярус, 4, бутик 050015, Казахстан",Магазин инструмента,5,57,30,google_maps_apify,new
KazTen,+7 771 789 7107,http://www.kazten.kz/,"6RFR+FMH, ул. Жетысу, Алматы 050063, Казахстан",Оптовая торговля,4.1,7,15,google_maps_apify,new
IRON-LION.KZ,+7 708 983 5083,https://iron-lion.kz/,"улица Толе Би 302Б, Алматы 050031, Казахстан",Оптовая торговля,5,1,15,google_maps_apify,new
"""Alladin Flor Decor"" оформление витрин, продажа искусственных цветов",+7 701 074 9999,,"ул. Кабдолова 1/4 в ТРК ""GRAND PARK ALMATY рядом с ТЦ ""АРМАДА"" и ""ЗОЛОТОЙ БАЗАР"", блок номер 5 сектор 3, бутик 11, Алматы, Казахстан",Цветочный магазин,,0,15,google_maps_apify,new
РАХАТ фирменный Магазин № 3,,http://www.rakhat.kz/,"улица Толе Би 297, Алматы, Казахстан",Кондитерский магазин,4,51,30,google_maps_apify,new
"Производственно Полиграфический. Комбинат ""Парус""",+7 7272 26 82 30,http://www.parus-almaty.kz/,"улица Толе Би 298а, Алматы, Казахстан",Офис компании,4.4,58,30,google_maps_apify,new
TPG KAZAKHSTAN,+7 775 000 1010,,"Мкр Аккент.7, Алматы 050038, Казахстан",Оптовая продажа бытовой техники,,0,15,google_maps_apify,new
Автотрейд,+7 727 345 1080,https://autotrade.kz/,"улица Толе Би 304, Алматы 050031, Казахстан",Магазин автозапчастей,4.3,1945,75,google_maps_apify,new
Ткани для спецодежды,,http://bespokela.kz/,"пр-т. Абая 37/1, Алматы 050000, Казахстан",Оптовая продажа тканей,,0,15,google_maps_apify,new
Soyuz Aidar Trade - Сеть мебельных магазинов,+7 705 544 7576,http://www.aidarmebel.kz/,"Armada, Саин көшесі 30, Алматы 050031, Казахстан",Оптовая продажа мебели,2.8,9,15,google_maps_apify,new
Vaibiz,+7 702 570 1806,https://vaibiz.kz/,"Центральная 64, Алматы 050007, Казахстан",Оптовая торговля,,0,15,google_maps_apify,new
Konvert24.kz,+7 708 973 7537,http://www.konvert24.kz/,"улица Толе Би 285, Алматы, Казахстан",Оптовая продажа канцелярских товаров,4.7,3,15,google_maps_apify,new
ТОО Almaty Spices,+7 7272 43 72 19,https://www.almatyspices.kz/,"улица Утеген Батыра 15, Алматы 050062, Казахстан",Поставщик продуктов питания,3.7,3,15,google_maps_apify,new
Интернет магазин Меланж,+7 747 299 9499,http://melanj.kz/,"7R2M+QQW, Алматы, Казахстан",Магазин товаров для рукоделия,4.3,16,15,google_maps_apify,new
NVO 21 торгово-производственная компания,+7 7272 47 86 15,http://nvo21.kz/,"улица Немировича-Данченко 16, Алматы 050000, Казахстан",Оптовая торговля,5,47,30,google_maps_apify,new
"ТОО ""NEKAR FOODS”",+7 727 364 5429,https://nekar.kz/,"пр-т. Райымбека 299/1, Алматы, Казахстан",Оборудование для пекарен,4.5,19,15,google_maps_apify,new
"Белорусские колбасы ""BELARUSKI""",+7 707 210 6421,,"улица Толе Би 297з, Алматы 050005, Казахстан",Продовольственный магазин,3.3,7,15,google_maps_apify,new
Miracle Origianal,+7 777 760 5703,,"улица Москвина 11, Алматы, Казахстан",Оптовая продажа посуды из стекла,,0,15,google_maps_apify,new
Тастак Строительный рынок,+7 775 503 8231,,"улица Толе Би 263, Алматы, Казахстан",Рынок,4.4,790,60,google_maps_apify,new
"Optimus KZ, ​магазин красок, строительной химии и малярного инструмента",+7 775 007 1192,https://optimus-kz.com/,"Бакорда City, ул. Ырысты 46/2а, Алматы 050061, Казахстан",Оптовая продажа строительных материалов,5,1,15,google_maps_apify,new
ТЦ Байсат,+7 7272 45 05 55,,"7VMR+5WP, Алматы, Казахстан",Торговый центр,4.3,9402,90,google_maps_apify,new
Детская одежда из Южной Кореи,,http://bebe.kz/,"Северное кольцо, ТД ""АДЕМ"", сектор В1, 1-й ряд, бутик 36, Алматы 050012, Казахстан",Оптовая торговля,3.7,3,15,google_maps_apify,new
CENTERPOL,+7 708 162 1585,https://www.centerpol.kz/,"Шоссейная 72, Алматы 050058, Казахстан",Магазин напольных покрытий,5,12,15,google_maps_apify,new
Фермерский Рынок,,,"улица Рыскулбекова 46, Алматы 050042, Казахстан",Фермерский рынок,5,3,15,google_maps_apify,new
Medical&Pharma Service,+7 700 022 2212,https://med-pharm.kz/,"ул. Аскарова 10, Алматы 050060, Казахстан",Фармацевтическая компания,4.5,8,15,google_maps_apify,new
EFFLER PHARMA,+7 701 778 9063,https://effler.kz/about_us,"улица Рыскулбекова 39, Алматы, Казахстан",Магазин,,0,15,google_maps_apify,new
"Рынок ""Береке""",+7 7272 53 78 39,,"улица Муратбаева 95, Алматы 050000, Казахстан",Рынок,4,1400,75,google_maps_apify,new
Myakish,+7 707 361 2731,https://myakish.com/,"пр-т. Абая 115, Алматы 050000, Казахстан",Оптовая продажа мебели,,0,15,google_maps_apify,new
TELLER,+7 701 110 2218,http://teller.kz/,"улица Гоголя 253, Алматы 050000, Казахстан",Оптовая торговля,5,1,15,google_maps_apify,new
Белорусские продукты № 1,+7 705 739 8000,https://belostan.kz/,"улица Гоголя 192А, Алматы 050026, Казахстан",Колбасные изделия,3,2,15,google_maps_apify,new
Центр Спортивного Питания,+7 727 317 3080,http://www.sportcenter.kz/,"ул. Жандосова 36 Бостандыкский район, проспект Абылай Хана 74, Алматы 050057, Казахстан",Магазин витаминов и пищевых добавок,4.5,112,45,google_maps_apify,new
Tiande-натуральная косметика,+7 778 911 0005,http://chinamed.com.kz/,"ул. имени Мирзояна 118, Алматы 050026, Казахстан",Оптовая продажа косметики,5,1,15,google_maps_apify,new
ТОО Чорап,+7 7272 33 23 14,https://bazsocks.com/ru/home-ru/,"пр-т. Райымбека 152/7, Алматы 050000, Казахстан",Магазин,4.3,4,15,google_maps_apify,new
Швейный цех по пошиву одежды в Казахстане,+7 700 267 0239,https://poshiv.kz/,"улица Муратбаева 61, Алматы 050000, Казахстан",Оптовый продавец одежды,1,1,15,google_maps_apify,new
Tatte,+7 727 345 3452,https://tatte.kz/?utm_source=maps&utm_medium=maps&utm_campaign=maps,"улица Муратбаева 75, Алматы 050026, Казахстан",Оптовая продажа кофе,4.6,14,15,google_maps_apify,new
Казевротрейд,,,"ул. Муканова 133, Алматы 050000, Казахстан",Склад,5,1,15,google_maps_apify,new
AKEMI KAZAKHSTAN,+7 707 792 2020,,"проспект Достык 89, Алматы 050021, Казахстан",Оптовая торговля,,0,15,google_maps_apify,new
Шинный центр UNITYRE (Юнитайр),+7 7272 41 19 86,https://www.unityre.kz/,"ул. Кабанбай батыра 18, Алматы, Казахстан",Магазин шин и дисков,4.6,396,45,google_maps_apify,new
Relax Mode,+7 727 385 9751,http://relax-mode.kz/,"ул. Кунаева 163, бутик 17К, Алматы 050010, Казахстан",Магазин одежды,4,1,15,google_maps_apify,new
БЕЛЬЕ ОПТОМ,+7 777 320 2626,,"ул. Карасай Батыра, Алматы 050000, Казахстан",Магазин,,0,15,google_maps_apify,new
Петрокоммерц Казахстан,+7 7272 50 85 98,https://petrocommerce.kz/nashi-kontakty-4/,"улица Курмангазы 79, Алматы 050022, Казахстан",Оптовая торговля,,0,15,google_maps_apify,new
"Рауза-АДЕ, ТОО",+7 7272 79 34 75,https://rauza-ade.kz/,"пр-т. Райымбека 150, Алматы 050000, Казахстан",Аптека,3.3,38,30,google_maps_apify,new
Гипермаркет шин ecar.kz,+7 727 313 1633,https://ecar.kz/,"улица Казыбек Би 155, Алматы 050012, Казахстан",Магазин шин,4.6,218,45,google_maps_apify,new
"ТОО ""ШИНМАРТ KZ""",+7 771 406 0616,,"пр-т. Райымбека 221, Алматы 050016, Казахстан",Магазин шин и дисков,4.5,42,30,google_maps_apify,new
"ТОО ""МСКА""",+7 771 171 0808,https://b2b-market.kz/,"ул. Монгольская 44, Алматы 050000, Казахстан",Оптовая продажа компьютерной техники,5,2,15,google_maps_apify,new
"Агенство коммерческой недвижимости, управляющая компания",+7 707 831 4412,https://realestate-rent.com/,"пр-т. Райымбека 169 ""A, Алматы, Казахстан",Магазин спецодежды,,0,15,google_maps_apify,new
ТОО Фирма Триада+,+7 7272 24 01 50,https://triadeplus.kz/contacts,"улица Богенбай Батыра 279, Алматы 050009, Казахстан",Оптовая торговля,4.3,19,15,google_maps_apify,new
"ТОО ""Бумага и Картон ltd""",+7 7272 25 50 50,http://bymagaikarton.kz/,"ул. Ауезова 82, пр-т. Райымбека 212 21, Алматы 050008, Казахстан",Поставщик бумажной продукции,5,1,15,google_maps_apify,new
Торты на заказ Алматы - Дом десертов «MUS-MUS»,+7 778 870 0067,https://mus-mus.kz/,"ул. Макатаева 131, Алматы 050040, Казахстан",Кондитерская,4.6,36,30,google_maps_apify,new
HappyCake,+7 707 777 1144,https://happycake.kz/almaty,"проспект Абылай Хана 71, Алматы 050004, Казахстан",Кондитерская,4,41,30,google_maps_apify,new
Spartex,+7 727 344 1321,https://www.spartex.kz/about/contacts.php,"улица Муратбаева 23, Алматы 050000, Казахстан",Магазин автозапчастей,,0,15,google_maps_apify,new
"ТОО ""Elementum"" Лабораторное оборудование",+7 727 338 5456,http://elementum.kz/,"ул. Муканова 113, Алматы 050000, Казахстан",Магазин медицинского оборудования,5,2,15,google_maps_apify,new
Одноразова посуда Астана,,,"пр-т. Райымбека 184, Алматы 050000, Казахстан",Магазин батарей и аккумуляторов,,0,15,google_maps_apify,new
Sportino,+7 707 677 5277,,"пр-т. Абая 24, Алматы 050000, Казахстан",Магазин одежды,5,1,15,google_maps_apify,new
"ТОО ""LITEHOUSE""",+7 727 346 1012,http://www.litehouse.kz/,"ул. Кабанбай батыра 10, Алматы 050059, Казахстан",Компания по автоматизации,5,3,15,google_maps_apify,new
Orthomol,+7 775 114 5048,https://orthomol.kz/,"ул. Кабанбай батыра 65, Алматы 050010, Казахстан",Магазин витаминов и пищевых добавок,5,1,15,google_maps_apify,new
ITHS ТОО,+7 777 275 3565,https://iths.kz/,"оп 58, улица Желтоксан 144, Алматы 050000, Казахстан",Офис компании,3.7,3,15,google_maps_apify,new
V-time Object Office,+7 727 312 1122,https://www.v-time.kz/,"улица Богенбай Батыра 142, Алматы 050000, Казахстан",Магазин офисной мебели,5,16,15,google_maps_apify,new
KERAMA MARAZZI,+7 727 310 8888,https://keramamarazzi.kz/,"улица Желтоксан 137, Алматы 050000, Казахстан",Магазин керамической плитки,4.1,10,15,google_maps_apify,new
Алматы Оптика,+7 7272 67 07 10,https://optica.kz/,"пр-т. Назарбаева 165, Алматы 050000, Казахстан",Оптика,4.2,70,30,google_maps_apify,new
First National Company,+7 777 269 0044,https://fnc.kz/,"пр-т. Абая 63, Алматы 050022, Казахстан",Поставщик офисного оборудования,,0,15,google_maps_apify,new
Зверьё Моё,+7 708 972 1599,,"6WXQ+JX6, ул. Кабанбай батыра 122, Алматы 050000, Казахстан",Зоомагазин,2.7,6,15,google_maps_apify,new
Whoopie cakes,+7 705 225 5833,http://whoopiecafe.kz/almaty,"пр-т. Абая 37, Алматы 050000, Казахстан",Кафе-кондитерская,4.5,382,45,google_maps_apify,new
Sachiko Olzha Products,+7 727 374 3009,,"улица Богенбай Батыра 303, Алматы 050009, Казахстан",Производитель,4,4,15,google_maps_apify,new
Ешь Фрукт,+7 707 222 2882,,"Сейфуллина 498/1 25 бутик, Алматы 050012, Казахстан",Магазин овощей и фруктов,,0,15,google_maps_apify,new
КазМебельГрупп,+7 727 335 3223,http://www.kazmebelgroup.kz/,"Луганского ул. 1, Алматы 050051, Казахстан",Магазин мебели,4.5,8,15,google_maps_apify,new
"Мир добавок в бетон, пенобетон",+7 777 715 8961,https://vbeton.kz/,"Курмангазы 48а, 3 этаж, 302 кабинет, Алматы 050000, Казахстан",Оптовая продажа строительных материалов,,0,15,google_maps_apify,new
"CompOFF Сборка и ремонт компьютеров, ноутбуков Алматы",+7 707 350 4195,https://remontcomp.kz/,"ул. Сатпаева 20а, Алматы 050013, Казахстан",Ремонт компьютеров,5,3,15,google_maps_apify,new
Qmax-Vision,+7 7272 93 01 72,https://qmax-vision.kz/,"проспект Абылай Хана 92, Алматы 050000, Казахстан",Интернет-магазин,3,7,15,google_maps_apify,new
HappyCake,+7 707 777 1144,https://happycake.kz/almaty,"8-й микрорайон, 37/1, Алматы 050035, Казахстан",Кондитерская,,0,15,google_maps_apify,new
Team Orange,+7 705 966 8888,http://teamorange.kz/contact/about-us.html,"ул. Зенкова 59, Алматы 050000, Казахстан",Магазин мебели,,0,15,google_maps_apify,new
StockWear,+7 702 388 7546,https://stockwear.kz/,"улица Брюсова 4/35, Алматы 050034, Казахстан",Оптовая торговля,5,1,15,google_maps_apify,new
Impeks,+7 727 390 6465,http://www.impeks.kz/address,"улица Кожамкулова 27, Алматы 050000, Казахстан",Оптовая торговля,,0,15,google_maps_apify,new
Кубарик,+7 701 971 5704,https://kubarik.kz/,"улица Венецианова 37, Алматы 050034, Казахстан",Магазин канцелярских товаров,4.7,30,30,google_maps_apify,new
Fashion Avenue,+7 777 035 7075,https://mssg.me/forusgroup,"пр-т. Сейфуллина 498, Алматы 050000, Казахстан",Торговый центр,4.1,239,45,google_maps_apify,new
"Коробка для торта, Коробки для клубники в шоколаде",+7 707 430 1020,http://www.pizzatort.kz/,"улица Крылова 55, Алматы, Казахстан",Упаковка продовольственных товаров,5,4,15,google_maps_apify,new
"Компания ТОО ""АльянсЭксперт""",+7 707 467 0770,https://alyansfavorit.kz/,"улица Бруно дом 1, Алматы, Казахстан",Оптовая торговля,5,2,15,google_maps_apify,new
ФрутоНяшки,+7 707 147 2582,,"пр-т. Райымбека 239Г, Алматы 050000, Казахстан",Поставщик продуктов питания,,0,15,google_maps_apify,new
ТОО «АСТРА»,+7 707 108 5505,http://www.astraprint.kz/,"улица Богенбай Батыра 150, Алматы 050012, Казахстан",Поставщик офисного оборудования,,0,15,google_maps_apify,new
JEWELUX - Ювелирная Компания,+7 707 900 2340,,"улица Толе Би 73а, Алматы 050009, Казахстан",Ювелирный магазин,4.3,6,15,google_maps_apify,new
DNS,+7 800 080-70-48,https://dns-shop.kz/,"ТЦ Silk Way City, улица Толе Би 71, Алматы 050000, Казахстан",Магазин бытовой техники,5,1,15,google_maps_apify,new
103Apteka,+7 727 346 9392,https://103apteka.kz/,"БЦ ""Алтын Гасыр, улица Шевченко 118, Алматы 050002, Казахстан",Аптека,2.6,41,30,google_maps_apify,new
"ТОО ""Копимастер""",+7 727 381 0440,,"улица Досмухамедова 109, Алматы 050000, Казахстан",Поставщик офисного оборудования,5,1,15,google_maps_apify,new
ЦТО АБ Капитал ( AB Capital ),+7 727 327 1770,http://www.abcapital.kz/,"улица Досмухамедова 89, Алматы 050012, Казахстан",Оптовая торговля,4.4,12,15,google_maps_apify,new
ТехноGRAD,+7 727 346 3333,https://tgrad.kz/,"Остановка ""КазНИВИ, пр-т. Райымбека 221Ж, Алматы 050016, Казахстан",Магазин бытовой техники,4.2,714,60,google_maps_apify,new
Склад автозапчастей,+7 775 328 3999,,"Улица 2, улица Гончарная 153, Алматы, Казахстан",Магазин автозапчастей,4.8,5,15,google_maps_apify,new
"Сеть зоомагазинов ""Живой Мир""",+7 771 409 9922,https://zhivoimir.kz/,"улица Толе Би 160, Алматы 050000, Казахстан",Зоомагазин,4.7,1305,75,google_maps_apify,new
ТД Пассаж,+7 7272 73 24 21,,"город, ул. Жибек-Жолы 70, Алматы 050000, Казахстан",Торговый центр,4,2555,75,google_maps_apify,new
"ТОО ""Novoteh S&A""",+7 777 370 1598,http://dezsredstva.kz/,"ул. Ш. Калдаякова 17, угол, улица Жибек Жолы, Алматы 050002, Казахстан",Оптовая торговля,,0,15,google_maps_apify,new
SHAMS,+7 702 257 4551,,"улица Кунаева 32, Алматы 050002, Казахстан",Оптовая торговля,5,2,15,google_maps_apify,new
ТОО ВебПак,+7 727 310 8506,https://webpack.kz/,"ул. Казыбаева 12Б, Алматы 050016, Казахстан",Магазин упаковки,5,11,15,google_maps_apify,new
Atomy Kazakhstan LLP,+7 727 341 0151,,"улица Ауэзова 14а, Алматы 050009, Казахстан",Оптовая торговля,4,4,15,google_maps_apify,new
AutoBoom,+7 776 750 0151,https://forcar.kz/,"улица Ауэзова 32, Алматы 050026, Казахстан",Магазин автоаксессуаров,4.4,218,45,google_maps_apify,new
MOREFITNESS,+7 701 631 1089,,"БЦ Almaty Residence, улица Ауэзова 60, Алматы 050091, Казахстан",Оптовая торговля,4.4,9,15,google_maps_apify,new
ТОО Дубль В Евразия,+7 7272 62 08 86,,"улица Манаса 1а, Алматы 050000, Казахстан",Поставщик бумажной продукции,,0,15,google_maps_apify,new
"ТОО ""ОСТ ""Окрасочные системы и технологии""",+7 701 029 2054,https://colormarket.kz/contacts,"пр-т. Райымбека 221/2, Алматы 050016, Казахстан",Служба дистрибуции,4.7,3,15,google_maps_apify,new
АДДЕКС,+7 701 721 0500,https://addex.kz/,"ул. Казыбаева 12А, Алматы 050050, Казахстан",Оптовая торговля,,0,15,google_maps_apify,new
Goods,+7 707 868 5661,https://good-parts.kz/,"ул. Казыбаева 12, Алматы 050000, Казахстан",Магазин запчастей и аксессуаров для грузовиков,4.5,8,15,google_maps_apify,new
Greenland_almaty,,,"улица Жибек Жолы 53, Алматы 050000, Казахстан",Цветочный магазин,,0,15,google_maps_apify,new
Алемвет,+7 7272 41 27 42,http://alemvet.com/,"улица Орманова 24, Алматы, Казахстан",Ветеринарная аптека,4.8,46,30,google_maps_apify,new
DNS,+7 705 751 2216,https://dns-shop.kz/,"Central Park Residence, улица Гоголя 20, Алматы 050026, Казахстан",Магазин бытовой техники,,0,15,google_maps_apify,new
HappyCake,+7 707 777 1144,https://happycake.kz/almaty,"улица Гоголя 20, Алматы 050002, Казахстан",Кондитерская,,0,15,google_maps_apify,new
Продукты питания,,,"улица Басенова 27, Алматы 050060, Казахстан",Продовольственный магазин,4.6,5,15,google_maps_apify,new
Швейная фурнитура Атакент,+7 777 705 2611,https://www.instagram.com/shveinaya_furnitura_atakent/,"ул. Тимирязева 83, Алматы 050060, Казахстан",Магазин товаров для рукоделия,4.6,3032,75,google_maps_apify,new
Ясен Перец,+7 777 822 1133,https://yapepper.kz/,"улица Казыбек Би 50, Алматы 050000, Казахстан",Магазин,4,4,15,google_maps_apify,new
iTell,+7 727 339 2123,,"БЦ Дарай, улица Гоголя 89A, Алматы 050000, Казахстан",Магазин электроники,3.3,215,45,google_maps_apify,new
Urban Style,,,"улица Валиханова 49, Алматы 050050, Казахстан",Оптовая продажа велосипедов,5,1,15,google_maps_apify,new
"Кондитерский цех ""КарамеЛь""",+7 707 812 1022,,"в здании магазина Универсам, улица Жибек Жолы 67, Алматы 050000, Казахстан",Магазин тортов,5,2,15,google_maps_apify,new
Neocom,+7 727 355 5303,http://neocompany.kz/,"проспект Абылай Хана 58а, Алматы 050004, Казахстан",Офис компании,1,4,15,google_maps_apify,new
MasterKaz,+7 705 554 0615,https://masterkaz.kz/,"улица Толе Би 127, Алматы 050000, Казахстан",Строительный магазин,,0,15,google_maps_apify,new
iPhone в Рассрочку iRassrochka,+7 777 547 7252,https://irassrochka.kz/,"улица Исаева 159, Алматы 050057, Казахстан",Оптовая продажа электроники,3,2,15,google_maps_apify,new
ТОО LED SET светодиодное освещение,+7 707 290 5454,https://ledset.kz/,"улица Гоголя 86/1, Алматы 050000, Казахстан",Магазин осветительных приборов,5,3,15,google_maps_apify,new
A-Computers - Магазин компьютерной техники и электроники,+7 727 375 0005,http://acomputers.kz/,"улица Айтиева 22, Алматы 050008, Казахстан",Компьютерный магазин,4.8,66,30,google_maps_apify,new
Сплав,+7 727 328 3789,https://splav.ru/?utm_medium=map&utm_source=map_google,"улица Айтиева 10, Алматы 050000, Казахстан",Товары для спорта и туризма,,0,15,google_maps_apify,new
"Flexcom компьютеры, моноблоки, ноутбуки, комплектующие, мониторы, периферия, оргтехника, мультимедиа, игровая мебель Алматы",+7 707 702 6050,https://flexcom.kz/,"улица Айтиева 154/1, Алматы 050000, Казахстан",Интернет-магазин,4.3,10,15,google_maps_apify,new
Автоинструмент Алматы-JUST-TOOLS.KZ,+7 747 928 6180,http://just-tools.kz/,"улица Байзакова 222, Алматы 050026, Казахстан",Оптовая продажа инструмента,5,1,15,google_maps_apify,new
HappyCake,+7 707 777 1144,https://happycake.kz/almaty,"улица Байзакова 190, Алматы 050000, Казахстан",Кондитерская,4.7,3,15,google_maps_apify,new
Дани Нан,,,"7WGF+P38, Алматы, Казахстан",Магазин,3.7,11,15,google_maps_apify,new
i2ar - Рекламно-производственная компания,+7 708 970 7331,https://i2ar.kz/,"улица Муратбаева 61, Алматы 050000, Казахстан",Магазин футболок,5,1,15,google_maps_apify,new
Overclockers,+7 771 013 0020,https://over-shop.kz/,"проспект Абылай Хана 7, Алматы, Казахстан",Оптовая продажа компьютерной техники,,0,15,google_maps_apify,new
Зажигалки,+7 777 817 1727,,"проспект Абылай Хана 62, Алматы 050000, Казахстан",Магазин,,0,15,google_maps_apify,new
Tsmart,,http://tsmart.kz/,"проспект Абылай Хана 62, Алматы 050000, Казахстан",Интернет-магазин,5,1,15,google_maps_apify,new
Торты,+7 707 579 5050,,"улица Навои 4б, Алматы 050000, Казахстан",Магазин тортов,2,2,15,google_maps_apify,new
Выкуп швейцарских часов VIPLOMBARD,+7 778 700 7777,https://lombard-watch.kz/,"улица Мукана 114А, Алматы 050004, Казахстан",Ремонт часов,5,4,15,google_maps_apify,new
"Ломбард ""АРЖАН""",+7 7272 73 83 48,http://arj.kz/ru/page/nashi-filialy,"улица Жибек Жолы д. 81А, Алматы 050000, Казахстан",Ломбард,,0,15,google_maps_apify,new
Parlife,+7 778 220 0077,,"город, улица Гоголя 144, Алматы 050000, Казахстан",Магазин электронных сигарет и аксессуаров к ним,3.9,16,15,google_maps_apify,new
Hafele Kazakhstan,+7 701 084 0467,http://hafele.kz/,"улица Толе Би 113, Алматы 050000, Казахстан",Поставщик мебельной фурнитуры,3,3,15,google_maps_apify,new
Eco Print,+7 727 378 2928,http://ecoprint.kz/,"ул. Муканова 124, Алматы 050016, Казахстан",Поставщик офисного оборудования,3.3,7,15,google_maps_apify,new
"Infolife Computers, LLC",+7 7272 25 90 34,http://www.infolife.kz/,"ул, Жибек Жолы 179, Алматы 050026, Казахстан",Компьютерный магазин,5,7,15,google_maps_apify,new
HappyCake,+7 707 777 1144,https://happycake.kz/almaty,"улица Байтурсынова 56Г, Алматы 050012, Казахстан",Кондитерская,1.5,2,15,google_maps_apify,new
Copyservice,+7 771 459 6760,https://copy.kz/,"улица Жамбыла 163, Алматы 050008, Казахстан",Оптовая продажа офисного оборудования,,0,15,google_maps_apify,new
"Природный камень, Плитняк, Песчаник",+7 777 153 3335,https://www.camen.kz/,"просп. Суюнбая 38Б, Алматы, Казахстан",Оптовая торговля,5,1,15,google_maps_apify,new
Фурнитура для стекла Алматы,+7 701 958 3624,,"просп. Суюнбая 43, Алматы, Казахстан",Строительная компания,5,1,15,google_maps_apify,new
Foras Trading,+7 777 269 9999,,"просп. Суюнбая 89Б, Алматы 050016, Казахстан",Поставщик бытовой химии,,0,15,google_maps_apify,new
"ТД ""Дархан""",,,"ул. Айманова 155, Алматы 050057, Казахстан",Торговый центр,4.3,473,45,google_maps_apify,new
1000 мелочей,,,"ул. Айманова 21-191, Алматы 050000, Казахстан",Магазин товаров для дома,4.3,58,30,google_maps_apify,new
Rosalie Flowers,+7 747 094 1136,https://cvetyvalmaty.kz/,"улица Розыбакиева 204, Алматы 050061, Казахстан",Доставка цветов,4.7,610,60,google_maps_apify,new
"ТОО ""Альфа Марс""",+7 777 236 6130,https://alfamars.kz/about_us,"ул. Гурилева 106а, Алматы, Казахстан",Производитель,,0,15,google_maps_apify,new
Mittiko,+7 777 845 2258,http://www.instagram.com/mittikoooo,"бул. Бухар-Жирау 62Б, Алматы 050000, Казахстан",Оптовая продажа товаров повседневного спроса,5,17,15,google_maps_apify,new
Любимцы,+7 707 101 6949,http://lubimci.kz/,"ул. Жандосова 58, Алматы 050000, Казахстан",Зоомагазин,4.7,136,45,google_maps_apify,new
"КОЖМАРКЕТ, кожа натуральная в г. Алматы",+7 702 111 9326,http://kozhmarket.kz/,"улица Варламова 35, Алматы 050000, Казахстан",Оптовая продажа кожи,,0,15,google_maps_apify,new
Boston,,,"улица Розыбакиева 208, Алматы 050000, Казахстан",Продажа алмазов,,0,15,google_maps_apify,new
Kanc.Asia,+7 7272 21 88 88,,"ул. Бокейханова 49, Алматы 050014, Казахстан",Интернет-магазин,5,14,15,google_maps_apify,new
ПрОфис,+7 705 777 6651,,"43.272606, 76.935998 улица Джангельдина, 31/2 Бизнес центр Ambassador Plus 4 этаж, 414 каб, Алматы 050000, Казахстан",Интернет-магазин,,0,15,google_maps_apify,new
ТОО Литан,+7 727 385 9494,http://www.kanc.kz/,"ул. Бокейханова 47б, Алматы, Казахстан",Поставщик бумажной продукции,3,2,15,google_maps_apify,new
DONG LONG,+7 700 555 4072,,"улица Казыбаева 246а, Алматы 050000, Казахстан",Склад,4.3,6,15,google_maps_apify,new
АДЕКА,+7 747 028 8808,http://vagonka-v-almaty.kz/,"ул. Бокейханова 49, Алматы, Казахстан",Магазин пиломатериалов,4.6,95,30,google_maps_apify,new
ТОО Тасти,+7 778 376 8888,,"ул. Бокейханова 49, Алматы, Казахстан",Торговый центр,4.2,99,30,google_maps_apify,new
Adalex,+7 707 744 9221,https://adalex.kz/,"Ратушного 78в, Алматы 050000, Казахстан",Оптовая продажа предметов гигиены,,0,15,google_maps_apify,new
Керамогранит и кафель в Алматы | Амал Констракш Трейд,+7 701 282 5464,http://www.amalstroy.kz/,"Алматы, ул. Бокейханова, 49, Алматы 050000, Казахстан",Магазин керамической плитки,4.7,44,30,google_maps_apify,new
Рыбные деликатесы,,,"72X2+PFX, Алматы, Казахстан",Рыбный магазин,5,1,15,google_maps_apify,new
DNS,+7 800 080-70-22,https://dns-shop.kz/,"Алматы, Кайрат микрорайон, 181-182/2, Жетысу-Семиречье, Алматы 050019, Казахстан",Магазин бытовой техники,,0,15,google_maps_apify,new
ДомСтрой Алматы,+7 702 845 0597,,"Мкр Қайрат 181-182 к5, Алматы 050019, Казахстан",Магазин строительных товаров,,0,15,google_maps_apify,new
KANC,+7 7272 21 89 99,http://www.kanc.kz/,"ул. Бокейханова 47 Б, Алматы, Казахстан",Интернет-магазин,4.8,35,30,google_maps_apify,new
"Tyres Trade - шины, диски",+7 747 557 7047,https://kaspi.kz/shop/search/?q=%3AallMerchants%3ATyresTrade&page=2,"улица Казыбаева 92, Алматы, Казахстан",Магазин шин,4.1,38,30,google_maps_apify,new
KFR «KAZFASTENER» Крепежные материалы,+7 771 070 7105,https://kazfastener.kz/,"Ратушного 78а, Алматы 050050, Казахстан",Оптовая продажа строительных материалов,5,1,15,google_maps_apify,new
ТОО Suntec,+7 7272 22 09 00,,"ул. Булкушева 4е, Алматы, Казахстан",Магазин сантехники,4.5,8,15,google_maps_apify,new
СТМС-С.К. ТОО,+7 701 808 2323,http://stmsgroup.kz/,"тер.мясокомбинат, ул. Полежаева 92а, Алматы 050050, Казахстан",Офис компании,4.7,108,45,google_maps_apify,new
LogyCom,+7 7272 27 58 22,http://corp.logycom.kz/,"ул. Аральская д.8, Алматы 050056, Казахстан",Офис компании,4.7,92,30,google_maps_apify,new
"Averstroy ( Аверстрой ), ТОО",+7 777 596 1155,https://averstroy.all.biz/?utm_source=google&utm_medium=gmb&utm_term=gmb,"улица Казыбаева 3р, Алматы 050050, Казахстан",Оптовая продажа строительных материалов,,0,15,google_maps_apify,new
"ТОО ""Корпорация Держава""",+7 7272 25 42 67,,"город, улица Ангарская 105 а, Алматы, Казахстан",Магазин,5,3,15,google_maps_apify,new
Docke Asia,+7 708 205 5380,http://www.docke.asia/,"улица Ангарская 87/1, Алматы 050014, Казахстан",Оптовая продажа строительных материалов,,0,15,google_maps_apify,new
Цемент,+7 727 317 3527,https://almatycem.kz/contacts,"ул. Казыбаева 272, Алматы, Казахстан",Магазин строительных товаров,5,5,15,google_maps_apify,new
Smart-G,+7 727 346 5566,,"просп. Суюнбая 215, Алматы 050054, Казахстан",Оптовая продажа бытовой техники,5,2,15,google_maps_apify,new
Yiwumart,+7 747 094 2745,https://www.instagram.com/yiwumartkz/,"Северное Кольцо 7Б, Алматы 050058, Казахстан",Магазин товаров для ресторанов,5,2,15,google_maps_apify,new
Кенжехан,+7 707 105 5523,,"Алматы, Казахстан",Рынок,4.2,2630,75,google_maps_apify,new
YUNIS,+7 708 971 4298,http://yunis.kz/,"просп. Суюнбая 239 а, Алматы 050056, Казахстан",Магазин тортов,5,12,15,google_maps_apify,new
dulat.kz,+7 727 394 3971,https://dulat.kz/category/mebel/shkafy-metallicheskie/shkafchiki-i-paneli-dlya-klyuchej/,"проспект Гагарина 93, Алматы 050000, Казахстан",,5,1,15,google_maps_apify,new
"ТОО ""Айс Фуд""",+7 7272 92 71 96,https://konditerka.kz/,"ул. Кожамкулова 200, НП 42, вход со стороны речки, г.Астана, ул Кумисбекова 9/1, НП 2, +770142818151815, Алматы 050012, Казахстан",Поставка товаров для пищевых производств,5,3,15,google_maps_apify,new
ТОО Москондитер,+7 701 715 3322,https://regionkonditer.kz/,"7 лин. 21, Алматы 050000, Казахстан",Интернет-магазин,,0,15,google_maps_apify,new
"Рауза-АДЕ, ТОО",+7 727 376 1131,,"улица Жамбыла 173, Алматы 050026, Казахстан",Аптека,4.2,39,30,google_maps_apify,new
Comportal,+7 727 300 3020,,"проспект Достык 140, Алматы 050051, Казахстан",Оптовая торговля,3.7,7,15,google_maps_apify,new
Ucontay,+7 727 313 7783,https://ucontay.kz/,"проспект Достык 210, Алматы 050000, Казахстан",Интернет-магазин,5,1,15,google_maps_apify,new
Stonrog,+7 727 350 5055,,"улица Ауэзова 1А, Алматы 050008, Казахстан",Магазин керамической плитки,4.8,17,15,google_maps_apify,new
"Краски, лаки,Эмаль,НЦ,ПФ, Умар Ти Алматы",+7 771 228 8127,,"ул. Ауэзова 2/8(пересечение Ауэзова, улица Гоголя, Алматы 050000, Казахстан",Магазин красок,4.7,3,15,google_maps_apify,new
"Du-Re mart, korean products",+7 771 852 6914,https://www.instagram.com/dure_mart.kz/?hl=en,"Жамакаева ул. 24, Алматы, Казахстан",Продовольственный магазин,4.6,126,45,google_maps_apify,new
"ТОО ""Гешефт трейд""",+7 727 341 0706,http://gesheft.kz/,"город, проспект Aль-Фараби 45, Алматы 050040, Казахстан",Оптовая торговля,5,1,15,google_maps_apify,new
Еламан,+7 7272 92 01 75,,"город, 34, пр-т. Абая 32, Алматы, Казахстан",Продовольственный магазин,4.1,24,30,google_maps_apify,new
Зоомагазин ZooMart в ТРЦ Ритц-Палас,+7 777 812 4146,https://www.zoomart.kz/,"Магнум, Аль-Фараби 1 (угол ул. Достык ТЦ ""Ритц Палас"" (возле входа в, Алматы, Казахстан",Зоомагазин,4.4,11,15,google_maps_apify,new
"Нестле Фуд Казахстан, ТОО",+7 771 748 7278,http://www.nestle.com/,"ул. Тимирязева 28B, Алматы 050060, Казахстан",Офис компании,3,13,15,google_maps_apify,new
Baby Room,+7 701 217 4822,http://babyroom.kz/,"проспект Достык 107, Алматы 050060, Казахстан",Магазин товаров для новорожденных,4.4,7,15,google_maps_apify,new
"БЦ ""Нурлы Тау"", Блок В",,http://nurlytau.kz/,"6WJW+H3G, Алматы 050000, Казахстан",Велопарковка,4.1,14,15,google_maps_apify,new
LUBRITECH INDUSTRY,+7 727 355 1203,http://lubritechindustry.kz/,"БЦ Нурлытау, проспект Aль-Фараби 15, к4в, Алматы 050059, Казахстан",Оптовая торговля,,0,15,google_maps_apify,new
"TOO ""Агровэй""",+7 701 344 2838,http://www.agroway.kz/,"ул. Кабдолова 16, Алматы 050062, Казахстан",Оптовая торговля,3,3,15,google_maps_apify,new
Decora Plaza,+7 777 483 8695,http://www.decoraplaza.kz/,"ТЦ Армада, ул. Кабдолова 1/8, Алматы 050000, Казахстан",Магазин,4.9,14,15,google_maps_apify,new
"Моторные масло, замена масло АКПП, МКПП AliAvtoOil, ОПТОМ И В РОЗНИЦУ замена колодки",+7 707 333 2075,,"пр-т. Райымбека 513, Алматы 050063, Казахстан",Магазин автоаксессуаров,5,8,15,google_maps_apify,new
ТОО Хим-База,+7 777 312 7788,https://himbaza.kz/,"улица Толе Би 305, Алматы 050031, Казахстан",Компания пищевой промышленности,,0,15,google_maps_apify,new
ARMTEK,+7 800 080-76-01,https://armtek.kz/,"микрорайон БаянАул 57А, ТЦ CarCity, 050031, Казахстан",Магазин автозапчастей,3.9,19,15,google_maps_apify,new
Talisman Horeca Service,+7 702 078 9578,https://talisman-horeca.kz/,"ул. Сухамбаева 21, Алматы 050038, Казахстан",Оптовая торговля,5,1,15,google_maps_apify,new
Европейское моторное масло Divinol & Kroon-Oil оптом и в розницу,+7 747 196 0901,,"Алматы, Казахстан",Магазин автозапчастей,,0,15,google_maps_apify,new
GLOBALHAND,+7 7272 51 64 57,,"ул. Казыбаева 86, Алматы, Казахстан",Оптовая торговля,,0,15,google_maps_apify,new
Hotel Expert,+7 727 339 7900,http://hotel-expert.kz/,"ул. Кабдолова 16, Алматы 050000, Казахстан",Оптовая торговля,,0,15,google_maps_apify,new
"ТОО ""ПК ЭТАЛОН""",+7 778 805 0569,https://etalon-pc.kz/,"ул. Казыбаева 26, Алматы, Казахстан",Магазин сантехники,,0,15,google_maps_apify,new
Aewshop,,,"Наурызбай Батыра 50, Алматы, Казахстан",Магазин косметики и парфюмерии,,0,15,google_maps_apify,new
Taza Mart,,https://tazamart.kz/,"проспект Aль-Фараби 77, Алматы 050040, Казахстан",Оптовая торговля,,0,15,google_maps_apify,new
Dudar,+7 7272 47 98 47,https://dudar.kz/,"улица Немировича-Данченко 51B, Алматы, Казахстан",Оптовая торговля,4.4,48,30,google_maps_apify,new
Газонная трава - от DLF.KZ,+7 747 662 2858,http://dlf.kz/,"улица Толе Би 286/2, Алматы 050000, Казахстан",Поставщик газонов,4.9,19,15,google_maps_apify,new
Белорусские продукты № 1,+7 705 739 8000,https://belostan.kz/,"ул. Аксай 82А, Алматы 050047, Казахстан",Колбасные изделия,,0,15,google_maps_apify,new
"рынок ""Ак Орда""",+7 708 971 2331,,"7V62+Q5X, Алматы, Казахстан",Рынок,3.9,959,60,google_maps_apify,new
Магазин Jasic,+7 727 327 5131,http://www.jasic.kz/,"пр-т. Райымбека, Алматы, Казахстан",Всё для сварочных работ,4.8,30,30,google_maps_apify,new
Трикотажные ткани,+7 701 362 2262,,"улица Ясная Поляна 34, Алматы 050000, Казахстан",Оптовая продажа тканей,,0,15,google_maps_apify,new
Кафельный Склад,+7 702 904 1133,,"7V77+HC6, Алматы, Казахстан",Магазин керамической плитки,3.9,15,15,google_maps_apify,new
Комплекс-Бар КейЗет,+7 727 385 9325,https://complex-bar.kz/,"улица Байтурсынова 22/2, Алматы 050000, Казахстан",Оптовая продажа посуды из стекла,,0,15,google_maps_apify,new
SBSANBEL.KZ - Строительные инструменты и оборудование,+7 776 214 1515,https://sbsanbel.kz/,"ул. Курильская 11, Алматы 050034, Казахстан",Магазин строительных товаров,,0,15,google_maps_apify,new
"ЭКО ФЕРМА КХ ""СЛАВЯНКА""",+7 777 242 2859,https://slavyanka.kz/,"улица Байтурсынова 22, Алматы 050000, Казахстан",Молочная ферма,5,1,15,google_maps_apify,new
Akbastau Gardens,+7 701 720 6192,,"ул. Монгольская 44, Алматы 050000, Казахстан",Питомник растений,,0,15,google_maps_apify,new
DiamondPet,+7 7272 79 48 45,https://dpet.kz/,"пр-т. Сейфуллина 452, Алматы 050000, Казахстан",Зоомагазин,4.5,207,45,google_maps_apify,new
Akb02.kz Самые низкие цены гарантируем.,+7 701 222 0649,http://www.akb02.kz/,"Аксай 3Б, здание 1Б, Алматы 050031, Казахстан",Оптовая продажа батарей,5,5,15,google_maps_apify,new
Грузовые шины,+7 727 331 3324,,"пр-т. Райымбека 16Б, Алматы, Казахстан",Магазин автозапчастей,,0,15,google_maps_apify,new
Garant-horeca,,,"7W8J+RHJ, пр-т. Сейфуллина, Алматы 050000, Казахстан",Оптовая торговля,5,1,15,google_maps_apify,new
Ceramo Stone Group Ауэзова 2В,+7 701 643 7419,http://ceramostone.kz/,"7W52+R4, улица Ауэзова, Алматы 050000, Казахстан",Строительный магазин,4.4,143,45,google_maps_apify,new
Алемсервисплит,+7 747 814 8086,,"Аль Фараби 36, Алматы 050000, Казахстан",Оптовая продажа промышленных химикатов,,0,15,google_maps_apify,new
SamStone,+7 771 758 4001,https://samstoneco.com/,"улица Ауэзова 1Б, Алматы 050008, Казахстан",Магазин керамической плитки,5,2,15,google_maps_apify,new
Запчасти Онлайн,+7 778 134 7841,http://zapchasti-online.kz/,"Айтеке би, д. 175, кв. 41, Алматы 050026, Казахстан",Автомастерская,4.6,9,15,google_maps_apify,new
ТОО «SCK»,+7 7152 46 27 38,,"улица Нурмакова 1А, Алматы 050000, Казахстан",Салон сотовой связи,,0,15,google_maps_apify,new
ТОО КазТехнолоджиПак,+7 727 378 8091,http://ktp-kz.com/,"пр-т. Райымбека д. 237-А, Алматы 050034, Казахстан",Оптовая торговля,5,2,15,google_maps_apify,new
ТОО «ГАЗКОР»,+7 700 200 0300,https://gazkor.kz/,"улица Гоголя 86, Алматы 050000, Казахстан",Оптовая торговля,,0,15,google_maps_apify,new
Magic Garden,+7 777 708 0134,https://irises.kz/,"улица Гоголя 84А, Алматы 050000, Казахстан",Питомник растений,,0,15,google_maps_apify,new
HAVVA HOME COLLECTİON,+90 542 124 22 96,,"пр-т. Назарбаева 77, Алматы 050000, Казахстан",Магазин женской одежды,,0,15,google_maps_apify,new
Доставка товаров с 1688,+7 707 168 8707,https://www.1688.kz/contacts,"улица Жумалиева 86, Алматы 050000, Казахстан",,,0,15,google_maps_apify,new
Zardi Bag-In-Box,+7 707 991 2113,https://www.zardi.kz/,"улица Толе Би 110, Алматы 050026, Казахстан",Оптовая торговля,,0,15,google_maps_apify,new
"ТОО ""БИКО""",+7 727 390 1437,http://www.shokmagazin.kz/,"улица Муратбаева 134, Алматы 050000, Казахстан",Офис компании,4,8,15,google_maps_apify,new
Тастак,+7 778 920 6786,,"улица Брусиловского 98, Алматы, Казахстан",Рынок,4.4,2380,75,google_maps_apify,new
Маолин,+7 777 008 8431,http://maolin.kz/,"пр-т. Сейфуллина 563, Алматы 050000, Казахстан",Производитель,5,1,15,google_maps_apify,new
Solid Prof Group,,https://omega-auto-parts.kz/,"пр-т. Сейфуллина 502, Алматы 050012, Казахстан",Рынок автозапчастей,1,1,15,google_maps_apify,new
"ТОО ""Резервснаб плюс""",+7 7212 50 55 21,https://rezervsnabplus.kz/about_us,"пр-т. Сейфуллина 105, Алматы 050000, Казахстан",,,0,15,google_maps_apify,new
LULOO.KZ интернет-магазин,+7 707 251 2528,http://luloo.kz/,"улица Кулымбетова 7, Алматы, Казахстан",Магазин сувениров,4.2,20,30,google_maps_apify,new
Строительные товары,+7 701 851 2967,https://instagram.com/1000_meloshey_almaty?utm_medium=copy_link,"улица Брусиловского 90, Алматы 050005, Казахстан",Магазин строительных товаров,5,13,15,google_maps_apify,new
Тексан Батыр Teksan (TekLed),+7 771 552 8447,https://www.tekledgroup.com/,"улица Брусиловского 115, Алматы, Казахстан",Магазин электротоваров,4.9,14,15,google_maps_apify,new
ИП АЛГАБАС - Магазин строительных материалов,+7 747 864 3600,,"улица Брусиловского 125, Алматы, Казахстан",Поставщик стройматериалов,4.3,6,15,google_maps_apify,new
Белорусские продукты № 1,+7 705 739 8000,https://belostan.kz/,"улица Туркебаева 93А, Алматы 050000, Казахстан",Колбасные изделия,,0,15,google_maps_apify,new
"Фанера оптом от ТОО ""МЖ Буилдинг""",+7 776 215 9570,https://mgbuilding.kz/,"Ауэзовский район, пр. Райымбек, 348/4, БЦ ""Aspara"", 4 этаж, офис 401/5, Алматы 050061, Казахстан",Оптовая продажа строительных материалов,,0,15,google_maps_apify,new
Магнат Трэйд,+7 701 715 0093,http://magnat-trade.com/,"улица Шевченко 154, Алматы 050000, Казахстан",Поставщик рекламной сувенирной продукции,3,2,15,google_maps_apify,new
Корейская косметика оптом,+7 747 094 4508,,"ул. Макатаева 117, Алматы 050000, Казахстан",Оптовая продажа косметики,5,1,15,google_maps_apify,new
Liderpol,+7 701 980 7711,http://liderpol.kz/,"ул. Макатаева 127 В, Алматы 050000, Казахстан",Магазин напольных покрытий,5,1,15,google_maps_apify,new
DNS,+7 800 080-70-22,https://dns-shop.kz/,"БЦ LOTOS, ул. Макатаева 117, Алматы 050000, Казахстан",Магазин бытовой техники,,0,15,google_maps_apify,new
Кафель оптом,+7 707 677 0852,,"Аптечная ул. 14А, Алматы 050058, Казахстан",Магазин керамики,5,16,15,google_maps_apify,new
Строй-Сити,+7 7272 45 18 96,,"пр-т. Турара Рыскулова 103Б, Алматы 050061, Казахстан",Торговый центр,4.3,2134,75,google_maps_apify,new
Raiber Stroy Invest,+7 708 769 2010,https://raiber.kz/,"пр. Райымбека 212а, блок4, склад №41, Алматы 050034, Казахстан",Поставщик отделочных материалов,5,1,15,google_maps_apify,new
Global Trend Company,+7 775 433 0099,,"проспект Райымбека, 212а блок 4, каб 323, Алматы 050034, Казахстан",Магазин здоровья и красоты,5,2,15,google_maps_apify,new
"""Shar Land"" Студия праздника",+7 747 270 0027,https://www.shar-land.kz/,"город, улица Ауэзова 44, Алматы 050000, Казахстан",Магазин воздушных шаров,4.4,204,45,google_maps_apify,new
ZooMarket,+7 727 375 6290,http://zoomarket.kz/,"улица Ауэзова 32, Алматы 050000, Казахстан",Зоомагазин,4.8,251,45,google_maps_apify,new
Giftware,+7 727 375 1515,http://giftware.kz/,"улица Нурмакова 79, Алматы 050026, Казахстан",Рекламное агентство,5,4,15,google_maps_apify,new
"ТОО ""Казполиснаб""",+7 702 576 0867,,"7WHC+G4V, Алматы, Казахстан",Офис компании,5,1,15,google_maps_apify,new
Zoomarket,+7 727 392 6207,http://www.zoomarket.kz/,"ул. Айманова 63, Алматы 050000, Казахстан",Зоомагазин,4.7,269,45,google_maps_apify,new
Модульная черепица | Композитная черепица |Vessel Group,+7 707 552 9103,http://vesselgroup.kz/,"бул. Бухар-Жирау 62Б, Алматы 051400, Казахстан",Строительная компания,5,23,30,google_maps_apify,new
"Магазин ""Ziled""",+7 700 646 4757,http://www.ziled.kz/,"улица Жарокова 205, Алматы 050057, Казахстан",Магазин электротоваров,5,9,15,google_maps_apify,new
Доставка Букетов,,http://pro-buket.kz/,"ул. Сатпаева 7А, Алматы 050008, Казахстан",Доставка цветов,3,4,15,google_maps_apify,new
YAPOSHA SUSHI & PIZZA,+7 778 312 8400,http://yaposha-sushi.kz/,"улица Жарокова 191, Алматы 050000, Казахстан",Доставка готовой еды,4.3,179,45,google_maps_apify,new
"ТОО ""Heliac""",+7 727 384 1481,,"6VMX+76M, Алматы 050000, Казахстан",Магазин осветительных приборов,5,3,15,google_maps_apify,new
NB-Parts - аксессуары и электроника,+7 701 940 2565,https://dealcom.kz/contacts,"оформляйте заказ, ул. Жандосова 60А, здание ЦАУ, 1 этаж (звоните заранее или, Алматы 050090, Казахстан",Магазин электроники,,0,15,google_maps_apify,new
Обувной магазин Shkers,+7 777 828 2522,,"ул. Тимирязева 64, Алматы 050060, Казахстан",Обувной магазин,5,2,15,google_maps_apify,new
Bath And Tile,+7 7272 75 29 37,http://www.salonbt.kz/,"ул. Тимирязева 82, Алматы 050060, Казахстан",Магазин товаров для дома,4.6,80,30,google_maps_apify,new
Всё для Автомаляра,+7 747 990 0000,,"ул. Жандосова 29е, Алматы 050035, Казахстан",Магазин,,0,15,google_maps_apify,new
Maruna Farfor,+7 701 321 4445,https://www.instagram.com/maruna.farfor?igsh=MTlnbHV1bnowMWw5cw==,"Северное кольцо 7, рынок Байсат, ряд 33, кон 1, Алматы 050058, Казахстан",Магазин товаров для ресторанов,5,3,15,google_maps_apify,new
Бижутерия и аксессуары,+7 771 684 9218,,"7VMR+JJ3 рынок Байсат, Алматы 055550, Казахстан",Оптовая торговля за наличный расчёт без доставки товара,,0,15,google_maps_apify,new
BOHEMIA ELVIN TRADE,+7 777 517 0482,,"ТД ""Новый Ялян Сектор А, бутик, Алматы 050015, Казахстан",Оптовая продажа посуды из стекла,5,1,15,google_maps_apify,new
Track.satu.kz,+7 701 183 2020,http://www.track-info.kz/,"Северное Кольцо 7в, Алматы, Казахстан",Оптовая торговля,5,2,15,google_maps_apify,new
INTERSHOPKZ,+7 775 450 9580,https://intershopkz.kz/,"шоссе, Северное кольцо, 9/2 ТЦ ""Новый Ялян"" Сектор А, Бутик 66-68, Алматы, Казахстан",Оптовая торговля,,0,15,google_maps_apify,new
ТОО ЭЛЬВИН ТРЕЙД,+7 777 517 0482,,"Северное кольцо дом 7 Рынок Байсат 9 ряд, 24 бутик, 11 ряд, 12 бутик, Алматы, Казахстан",Магазин товаров для дома,,0,15,google_maps_apify,new
Компания LETS (IT интегратор),+7 727 349 3340,http://lets.asia/,"улица Фонвизина 17, Алматы 050051, Казахстан",Оптовая продажа компьютерной техники,4.2,5,15,google_maps_apify,new
Perspectiva,+7 778 781 1178,https://perspectiva.kz/,"микрорайон Самал-2 80, Алматы 050051, Казахстан",Ломбард,5,5,15,google_maps_apify,new
Интернет-магазин ZooTovary.kz,+7 776 600 6060,,"Жамбыла 131, офис 27 Алматы ААО, 050000, Казахстан",Зоомагазин,,0,15,google_maps_apify,new
FE Tech.,+7 701 743 7183,https://fetech.kz/,"Жамбыла 211/71, Помещение 127, Алматы 050009, Казахстан",Магазин аудиоаппаратуры,5,1,15,google_maps_apify,new
"ТОО ""Феникс компани""",,,"6XH9+XH8, Алматы, Казахстан",Офис,4.5,12,15,google_maps_apify,new
Almaty Textile Group,,,"пр-т. Райымбека 212/20, Алматы 050000, Казахстан",Оптовая продажа тканей,,0,15,google_maps_apify,new
Интернет-магазин Meloris,+7 701 734 9169,,"пр-т. Райымбека 212/1, Алматы 050000, Казахстан",Служба дистрибуции,,0,15,google_maps_apify,new
ТОО ЕвроГостСнаб,+7 7272 44 86 41,,"212 а корпус, Райымбек даңғылы 4, Алматы 050000, Казахстан",Магазин напольных покрытий,,0,15,google_maps_apify,new
Eagle Asia,+7 777 990 9903,http://www.eagleasia.co/,"Nurly-Tau Business Center Al-Farabi 7K block 4A Office No 37, Алматы 050059, Казахстан",Импортно-экспортная компания,3.7,3,15,google_maps_apify,new
"Асбестоцементные, хризотилцементные трубы в Алматы -ТОО АВИМКОМ",+7 708 983 4403,https://avimcom.kz/,"Төле би көшесі 293, Алматы 050031, Казахстан",Оптовая торговля за наличный расчёт без доставки товара,5,4,15,google_maps_apify,new
"SeeOzone.kz-представители kraftool, зубр, auroraPro overman (оверман), holzmann",+7 700 173 3696,https://seeozone.kz/,"БЦ Birlik, улица Толе Би 302Б, Алматы 050031, Казахстан",Оптовая продажа инструмента,5,188,45,google_maps_apify,new
1000 и 1 кафель,+7 701 410 6764,https://1001-kafel.satu.kz/,"ул.Толе би,285, 2 этаж, Алматы 050061, Казахстан",Магазин товаров для дома,2.5,2,15,google_maps_apify,new
"МАГАЗИН ЭЛЕКТРОИНСТРУМЕНТОВ, СТАНКОВ, ОБОРУДОВАНИЯ NKTRADE.KZ",+7 707 700 0562,https://nktrade.kz/,"050031, улица Толе Би 302Б, Алматы, Казахстан",Оптовая продажа инструмента,5,4,15,google_maps_apify,new
ТОО «ETALIN LIGHTING GROUP KAZAKHSTAN»,+7 727 356 1105,,"улица Толе Би 304, Алматы, Казахстан",Консультант по освещению,,0,15,google_maps_apify,new
Компания QURAL MARKET,+7 707 710 5500,,"улица Толе Би 304, Алматы, Казахстан",Магазин инструмента,,0,15,google_maps_apify,new
"ТОО ""БАТ"" Дистрибьютор фирмы NOVOL",+7 701 744 8338,https://batcolor.kz/contacts,"улица Толе Би 304, Алматы, Казахстан",Магазин красок,4.5,4,15,google_maps_apify,new
"TOO "" AGRONTIS """,+7 776 214 9998,,"пр. Райымбек 496 А , офис 413 Алматы Ауэзовский р-н, 050031, Казахстан",Всё для сварочных работ,,0,15,google_maps_apify,new
UrbanLine Аксай,+7 700 164 6456,https://urbn.kz/,"мкр-н Аксай 3, 7, Алматы 050000, Казахстан",Магазин кальянов,4.8,32,30,google_maps_apify,new
Hassanov Home мозаика и плитка,+7 707 117 0517,http://hassanovhome.kz/,"Ул. Кабдолова 1/8, ТК «Армада», блок 1, перекресток D3 Первая Линия бутик 22, Алматы 050031, Казахстан",Строительный магазин,5,1,15,google_maps_apify,new
Нан-Хлеб,,,"ул. Куанышбаева 34-40, Алматы 050000, Казахстан",Пекарня с оптовым магазином-булочной,4.6,9,15,google_maps_apify,new
Asian Media Textile,+7 7272 76 27 01,https://amtextile.all.biz/?utm_source=google&utm_medium=gmb&utm_term=gmb,"улица Жубанова 3А, Алматы 050000, Казахстан",Производитель,3,2,15,google_maps_apify,new
Золотой Базар,+7 7272 30 10 10,,"ул. Кабдолова 1/3, Алматы 050000, Казахстан",Ювелирный магазин,5,3,15,google_maps_apify,new
Cosmex,+7 700 155 0909,https://cosmex.kz/,"ТРЦ Grand Park, ул. Кабдолова 1/4, Алматы 055552, Казахстан",Магазин товаров для салонов красоты,,0,15,google_maps_apify,new
Русский ювелир,+7 7272 28 15 39,,"ул. Кабдолова 1/3, Алматы 050062, Казахстан",Ювелирный магазин,5,5,15,google_maps_apify,new
Darada,+7 701 324 7722,https://darada.kz/,"Микрорайон 2 8, Алматы 050062, Казахстан",Магазин запчастей и аксессуаров для грузовиков,1,1,15,google_maps_apify,new
Line,+7 7272 27 30 49,http://line-ltd.kz/,"ул. Кабдолова 1/8, ТК ""Армада"", блок 1, бутик 002, Алматы 050000, Казахстан",Магазин осветительных приборов,,0,15,google_maps_apify,new
ПромТехСнаб,+7 727 329 7167,https://pts.com.kz/,"Алматы, ул. Маречека 2 (уг.улицы Мате Залки), Алматы, Казахстан",Поставщик промышленного оборудования,4.5,13,15,google_maps_apify,new
ТОО DKSTOK,+7 771 454 2830,https://dkstok.kz/,"улица Утеген Батыра 17А, Алматы 500080, Казахстан",Оптовая торговля,5,6,15,google_maps_apify,new
Интернет-магазин Орхидеи,+7 776 281 2808,https://orchids.kz/,"улица Утеген Батыра, 11 А, БЦ Сайран Сити, каб 108, Алматы 050062, Казахстан",Интернет-магазин,5,1,15,google_maps_apify,new
"Магазин Электроинструментов ""БиСиЭм""",+7 777 836 8222,https://bcm.kz/,"ул. Немировича-Данченко д. 54 / уг. пр Рыскулова, улица Немировича-Данченко 54, Алматы 050056, Казахстан",Магазин инструмента,4.7,35,30,google_maps_apify,new
Магазин BESTORG Service,+7 708 515 9531,http://bestorg.kz/,"улица Немировича-Данченко 26/4, Алматы 050061, Казахстан",Магазин спецодежды,4.5,14,15,google_maps_apify,new
IT Vendor ТОО,+7 707 421 6040,https://www.idpkz.kz/,"ул. Магаданская 62В, Алматы 050061, Казахстан",Оптовая продажа компьютерной техники,3.4,5,15,google_maps_apify,new
Каталог обуви INBLU Казахстан,+7 7272 47 87 79,http://inblu.kz/%D0%BA%D0%BE%D0%BD%D1%82%D0%B0%D0%BA%D1%82%D1%8B/,"улица Немировича-Данченко 18B, Алматы 050061, Казахстан",Оптовая торговля,,0,15,google_maps_apify,new
Mebelkaz,+7 747 205 8000,https://mebelkaz.kz/,"ТЦ Алатау, пр-т. Турара Рыскулова 103\3, Алматы, Казахстан",Магазин корпусной мебели,,0,15,google_maps_apify,new
OTOS,+7 702 555 7818,http://otos.kz/,"улица Немировича-Данченко 18А, Алматы 050000, Казахстан",Магазин,5,1,15,google_maps_apify,new
ТОО Теплоивест Азия,+7 727 338 7706,http://teploinvest.kz/,"улица Немировича-Данченко 22, Алматы 050061, Казахстан",Поставщик отопительного оборудования,4.5,31,30,google_maps_apify,new
"ТОО ""КазПромИмпорт""",+7 700 180 0887,https://kazpromimport.kz/contacts,"БЦ ""Массагет"", мкр. Курылысши, ул Кокорай 2А/1, Алматы, Казахстан",Поставщик научного оборудования,1,1,15,google_maps_apify,new
EmerGem,+7 707 978 9202,http://emergem.kz/,"улица Емцова 26, н, Алматы 050061, Казахстан",Продажа алмазов,,0,15,google_maps_apify,new
"Мебельные ткани ""Сактекс"" Saktex, Ткани для мебели Алматы, Мебельные ткани оптом и в розницу Алматы",+7 705 195 8822,https://www.instagram.com/mebelnye_tkani/,"бутик, вход, Улица Ырысты 46/2а ""Строй Сити Бакорда"", 98, Алматы 050061, Казахстан",Оптовая продажа тканей,5,4,15,google_maps_apify,new
ТОО Аккурат,+7 700 033 0055,https://accurat.kz/,"ул. Отрарская 58, Алматы 050000, Казахстан",Производитель,,0,15,google_maps_apify,new
Caspian Star Company,+7 778 850 2175,,"ул. Ырысты 46/2а, Алматы 050061, Казахстан",Магазин керамической плитки,5,1,15,google_maps_apify,new
ТОО НВ-ЛАБ Казахстан,+7 727 313 1348,https://www.nv-lab.kz/,"ул. Отрарская 19 Б, Алматы 050050, Казахстан",Поставщик лабораторного оборудования,5,1,15,google_maps_apify,new
"Веломагазин Алматы ""TenaCity""",+7 707 055 5279,https://www.instagram.com/tenacity.kz/,"Проспект Рыскулова 103/21Б Улица Ырысты 46/2 Бакорда Кар Сити 3 вход, бутик 136, Алматы 050061, Казахстан",Веломагазин,4,2,15,google_maps_apify,new
DNS,+7 800 080-70-22,https://dns-shop.kz/,"ул. Ырысты 46/4, Алматы 050061, Казахстан",Магазин бытовой техники,,0,15,google_maps_apify,new
Подшипниковая компания СИНАЛ,+7 7272 79 34 54,,"улица Маншук Маметовой 76, Алматы 050004, Казахстан",Оптовая торговля,,0,15,google_maps_apify,new
Аском,+7 778 746 3638,https://www.askom.kz/rus/contact/filialy/,"улица Толе Би 18, Алматы 050031, Казахстан",Магазин автозапчастей,5,1,15,google_maps_apify,new
DDP,+7 708 328 0808,,"улица Хаджимукана 8, Алматы 050000, Казахстан",Интернет-магазин,,0,15,google_maps_apify,new
Химия и Технология,+7 727 333 6099,https://www.cht.kz/,"Самал-3 дом 33/1, Алматы 050059, Казахстан",Химический завод,3.7,3,15,google_maps_apify,new
General Safety,+7 707 504 1994,http://www.generalsafety.kz/,"пр-т. Райымбека 417А, Алматы 050000, Казахстан",Магазин спецодежды,4.6,29,30,google_maps_apify,new
ТОО Арнал-1,+7 727 398 6692,http://www.too-arnal1.com/,"пр-т. Райымбека 409а, Алматы 050061, Казахстан",Оптовая торговля,5,1,15,google_maps_apify,new
"Ламинат, паркет, двери, плинтуса - Masterpol",+7 705 187 5550,http://masterpol.kz/,"Рыскулова 103В, ТД «Строй Сити», сектор Г, бутик 111, ✔ РЕКОМЕНДУЕМ ❯ Рейтинг: ★★★★★ ➔ Отзывы ✔175, Алматы 050058, Казахстан",Магазин напольных покрытий,4.7,25,30,google_maps_apify,new
masterpol.kz,+7 705 187 5550,https://masterpol.kz/,"пр-т. Турара Рыскулова 103в, Алматы, Казахстан",Магазин напольных покрытий,5,1,15,google_maps_apify,new
Сайдинг Trand Siding KZ,+7 778 170 0200,,"пр-т. Турара Рыскулова 103/1, Алматы 050058, Казахстан",Магазин кровельных материалов,4.9,7,15,google_maps_apify,new
Premix Pro,+7 701 570 2246,https://www.instagram.com/premix.pro/,"улица Биянху 241Б, Алматы 050058, Казахстан",Поставщик отделочных материалов,5,2,15,google_maps_apify,new
ТОО МСК-Импэкс,+7 7272 68 53 03,http://www.safetywear.kz/,"пр-т. Райымбека 212, Алматы, Казахстан",Магазин спецодежды,4.3,36,30,google_maps_apify,new
HappyCake,+7 707 777 1144,https://happycake.kz/almaty,"улица Ауэзова 171, Алматы 050057, Казахстан",Кондитерская,5,1,15,google_maps_apify,new
Мечта Кондитера,+7 708 100 6301,https://www.instagram.com/mechta_konditera_almaty/,"Проспект Гагарина 127/91 уг.ул, улица Мынбаева, Алматы 050046, Казахстан",Кондитерский магазин,3,3,15,google_maps_apify,new
Oilkixx,+7 775 235 0131,http://oilkixx.kz/,"Сәтпаев көшесі 69а, Алматы 050046, Казахстан",Магазин,5,2,15,google_maps_apify,new
The Brutal Store,+7 702 660 6669,,"Жарокова 137/1 Блок Г2, Алматы 050026, Казахстан",Оптовая продажа косметики,,0,15,google_maps_apify,new
Geofiore,+7 708 716 3923,http://geofiore.kz/contacts,"ул. Лазарева 28, Алматы 050060, Казахстан",Питомник растений,5,20,30,google_maps_apify,new
Сумки Чемоданы,+7 778 888 5558,,"Северное кольцо шоссе 9, ТЦ Ялян А1-2, Алматы 050015, Казахстан",Магазин сумок,5,1,15,google_maps_apify,new
Все для салонов красоты оптом и в розницу,,,"Северное Кольцо 9, Алматы 050015, Казахстан",Магазин товаров для салонов красоты,,0,15,google_maps_apify,new
Насосное оборудование Elit,+7 707 794 1268,https://www.instagram.com/elitpump.kz/,"Северное Кольцо 9б, Алматы, Казахстан",Магазин инструмента,5,2,15,google_maps_apify,new
"LIDER телевизоры , бытовая техника",,,"7VPQ+JXV, Алматы, Казахстан",Магазин бытовой техники,5,1,15,google_maps_apify,new
P.I.T Rakhat,+7 706 625 0106,https://pittools.kz/,"Северное Кольцо 9Б, Алматы 050000, Казахстан",Оптовая продажа электроприборов,,0,15,google_maps_apify,new
Q_MARKETKZ,,,"7VQR+284, Алматы, Казахстан",Магазин товаров для дома,,0,15,google_maps_apify,new
"Филиал ТОО ""АШК"" в городе Алматы",+7 707 969 4989,,"улица Емцова 17/3, Алматы 050000, Казахстан",Магазин шин и дисков,,0,15,google_maps_apify,new
ТОО СКК-2000,+7 7272 59 85 98,https://stalkomplex.kz/,"проспект Райымбека 348/4, БЦ Аспара, каб 501/4, Алматы 050061, Казахстан",Оптовая торговля,,0,15,google_maps_apify,new
AGVISCOM ASIA,+7 707 276 8765,https://agviscom.kz/,"улица Утеген Батыра 7а, 3, Алматы 050061, Казахстан",Магазин компьютерных аксессуаров,5,4,15,google_maps_apify,new
DNS,+7 705 751 2216,https://dns-shop.kz/,"ТЦ Aksai City, Аксай 2, Алматы 050000, Казахстан",Магазин бытовой техники,,0,15,google_maps_apify,new
meat to eat,+7 707 248 4646,https://www.meattoeat.kz/,"улица Мажорова 52, Алматы 050061, Казахстан",Магазин мясных продуктов,3.7,3,15,google_maps_apify,new
ИП ТН Сервис,+7 747 524 2740,,"пр-т. Райымбека 499, Алматы, Казахстан",Магазин шин,5,2,15,google_maps_apify,new
laminat_dveri_stroi_siti,+7 747 547 6516,,"Строй сити 3ряд ангар 30-50, Алматы, Казахстан",Оптовая продажа строительных материалов,,0,15,google_maps_apify,new
Купить межкомнатные двери в Алматы,+7 705 187 5550,http://masterpol.kz/,"«Рыскулова 103» | 📝530 ➔ Рейтинг: ⭐⭐⭐⭐⭐ ❯ ✔, Алматы 050058, Казахстан",Магазин дверей,5,1,15,google_maps_apify,new
Saf Stone Ceramics,+7 701 842 4004,https://www.instagram.com/kafel_optom_almaty/,"пр-т. Турара Рыскулова 103Б, Алматы 050058, Казахстан",Магазин керамической плитки,5,2,15,google_maps_apify,new
VOLTROOM,+7 707 310 4040,,"пр-т. Райымбека 496/2, Алматы 050063, Казахстан",Интернет-магазин,4.6,10,15,google_maps_apify,new
Aspan Profile Technologies,+7 7272 46 36 13,http://aspan-pro.kz/,"ул. имени Нурпеисова 1, Алматы 050061, Казахстан",Торговый центр,4.4,132,45,google_maps_apify,new
