Компания,Телефон,Сайт,Категория,Город,Страна,Score,Статус,Источник,Дата
"Оптовый Склад","+7 777 021 0404","","Торговый центр","Алматы",KZ,45,new,google_maps_apify,2026-08-16
"ИП ""ОПТОВЫЙ СКЛАД АЛМАТЫ""","+7 707 578 5902","http://www.opt-market.kz/","Магазин товаров для ресторанов","Алматы",KZ,15,new,google_maps_apify,2026-08-16
"Универсальный оптово-торговый комплекс ""Барыс IV""","","","Оптовая торговля","Алматы",KZ,15,new,google_maps_apify,2026-08-16
"Оптовка Барыс","","","Магазин","Алматы",KZ,75,new,google_maps_apify,2026-08-16
"ОПТОВЫЙ СКЛАД АЛМАТЫ","+7 707 370 8128","","Офис компании","Алматы",KZ,15,new,google_maps_apify,2026-08-16
"Оптомаркет Евразия","","","Супермаркет","Алматы",KZ,45,new,google_maps_apify,2026-08-16
"METRO Алматы","+7 777 009 1344","https://www.metro-kz.com/magaziny/almaty?utm_source=gmb&utm_medium=organic&utm_content=website&utm_term=ALMATY","Оптовая торговля","Алматы",KZ,75,new,google_maps_apify,2026-08-16
"Arzan Almaty Optom","+7 702 151 5880","https://taplink.cc/arzan.optom.almaty","Оптовый продавец одежды","Алматы",KZ,15,new,google_maps_apify,2026-08-16
"Phaeton DC","+7 727 356 0560","http://www.phaeton.kz/","Магазин автозапчастей","Алматы",KZ,45,new,google_maps_apify,2026-08-16
"""Индийский трикотаж"" оптовый склад","+7 707 419 2797","","Магазин одежды","Алматы",KZ,15,new,google_maps_apify,2026-08-16
"Оптовка","","https://2gis.kz/almaty/firm/9429940000801948","Хозяйственный магазин","Алматы",KZ,45,new,google_maps_apify,2026-08-16
"Носки Оптом Алматы","+7 708 242 5553","","Продуктовый рынок","Алматы",KZ,15,new,google_maps_apify,2026-08-16
"КАНЦTREND - Оптовый склад","+7 708 709 7060","https://www.instagram.com/kanstovar_almaty/","Магазин товаров для дома","Алматы",KZ,15,new,google_maps_apify,2026-08-16
"Оптовый склад ""ТЕКСТИЛЯ""","+7 707 773 1376","http://wa.me/+77077731376","Магазин постельного белья","Алматы",KZ,15,new,google_maps_apify,2026-08-16
"TOIMART","+7 800 070-01-42","https://www.toimart.kz/","Супермаркет","Алматы",KZ,75,new,google_maps_apify,2026-08-16
"Оптовый склад Second Hand","+7 747 319 9154","https://second-hend.kz/","Секонд-хенд","Алматы",KZ,15,new,google_maps_apify,2026-08-16
"Торговый Центр Евразия Remax","+7 708 158 5050","","Оптовая продажа бытовой техники","Алматы",KZ,15,new,google_maps_apify,2026-08-16
"Almatyoptovka. Kz","+7 705 413 4864","","Продуктовый рынок","Алматы",KZ,15,new,google_maps_apify,2026-08-16
"Кенжехан базары","+7 707 869 7371","","Рынок","Алматы",KZ,90,new,google_maps_apify,2026-08-16
"Aakids Детская Одежда Оптом Алматы","+7 777 826 9696","","Оптовый рынок","Алматы",KZ,15,new,google_maps_apify,2026-08-16
"Оптовый Ковровый Склад","+7 747 646 4069","https://instagram.com/kovry_v_almaty_1111?igshid=16pfoz11o8v4r","Магазин ковров","Алматы",KZ,15,new,google_maps_apify,2026-08-16
"Бытовая химия оптом / ИП Оптовка","+7 707 656 9121","","Оптовая торговля","Алматы",KZ,15,new,google_maps_apify,2026-08-16
"ILKAM","+7 707 851 1082","https://ilkam.kz/product_list","Оптовая торговля","Алматы",KZ,15,new,google_maps_apify,2026-08-16
"ТОО ""Резервснаб плюс""","+7 727 356 0707","http://rsp.com.kz/","Оптовая торговля","Алматы",KZ,15,new,google_maps_apify,2026-08-16
"Ocean Fresh Group","+7 701 493 4155","https://oceanfresh.kz/","Свежие продукты","9800475",KZ,15,new,google_maps_apify,2026-08-16
"SOZO","+7 701 772 7041","http://sozollp.kz/","Оптовая торговля за наличный расчёт без доставки товара","Алматы",KZ,15,new,google_maps_apify,2026-08-16
"Fish&ka магазин морепродуктов","+7 707 635 2690","https://instagram.com/fishka__magazin?igshid=MzRlODBiNWFlZA==","Магазин замороженных продуктов","Алматы",KZ,15,new,google_maps_apify,2026-08-16
"Строительный магазин Все для дома","+7 705 143 1515","","Магазин строительных товаров","Алматы",KZ,30,new,google_maps_apify,2026-08-16
"ЕТС-Казахстан","+7 727 346 6614","https://utsrus.com/","Оптовая продажа химикатов","Алматы",KZ,15,new,google_maps_apify,2026-08-16
"Башмак.кз","+7 727 329 3951","http://bashmak.kz/","Обувной магазин","Алматы",KZ,15,new,google_maps_apify,2026-08-16
"Volna","+7 775 007 0795","https://www.volna.kz/","Пивной магазин","Алматы",KZ,15,new,google_maps_apify,2026-08-16
"Alma Global","+7 771 191 6364","","Оптовая продажа фруктов","Алматы",KZ,15,new,google_maps_apify,2026-08-16
"Book24","+7 777 007 6633","","Интернет-магазин","Алматы",KZ,15,new,google_maps_apify,2026-08-16
"Deemax","+7 777 722 2226","http://www.deemax.kz/","Интернет-магазин","Алматы",KZ,15,new,google_maps_apify,2026-08-16
"ТМ «Tecata» - светодиодные лампы","+7 707 227 0701","","Магазин осветительных приборов","Алматы",KZ,15,new,google_maps_apify,2026-08-16
"Жана Кенсе: канцтовары, магнитно-маркерные доски в Алматы","+7 702 206 9664","","Магазин канцелярских товаров","Алматы",KZ,15,new,google_maps_apify,2026-08-16
"ARMTEK","+7 771 752 7600","https://armtek.kz/","Магазин автозапчастей","Алматы",KZ,45,new,google_maps_apify,2026-08-16
"Автозапчасти оптом","+7 727 327 8575","","","Алматы",KZ,15,new,google_maps_apify,2026-08-16
"ТОО МегаКлимат","+7 705 755 7212","http://www.megaklimat.kz/","Магазин кондиционеров","Алматы",KZ,15,new,google_maps_apify,2026-08-16
"Пакеты и пленка «Sheykh»","+7 700 000 0027","https://sheykh.kz/","Поставщик пластиковых пакетов","Алматы",KZ,15,new,google_maps_apify,2026-08-16
"Фармацевтическая компания ТОО «Медоптик»","+7 727 383 2202","http://www.medoptic.kz/","Производитель","Алматы",KZ,15,new,google_maps_apify,2026-08-16
"Аптечный Склад","+7 727 386 1731","","Аптека","Алматы",KZ,15,new,google_maps_apify,2026-08-16
"ЭЙКОС","+7 7272 90 28 22","https://www.aikos.kz/","Магазин шин и дисков","Алматы",KZ,15,new,google_maps_apify,2026-08-16
"Химреактивы","+7 7272 39 35 75","http://www.himco.kz/contact","Поставщик лабораторного оборудования","Алматы",KZ,15,new,google_maps_apify,2026-08-16
"Продовольственный рынок","","","Фермерский рынок","Алматы",KZ,60,new,google_maps_apify,2026-08-16
"Морской Урожай","+7 702 233 6927","","Оптовая продажа морепродуктов","Алматы",KZ,45,new,google_maps_apify,2026-08-16
"Стрейч пленка оптом в Алматы - Polyten.KZ","+7 700 151 5270","","Поставщик полиэтиленовой и полимерной плёнки","Алматы",KZ,15,new,google_maps_apify,2026-08-16
"DVG Service","+7 777 170 6761","https://dvg.kz/","Компьютерный магазин","Алматы",KZ,15,new,google_maps_apify,2026-08-16
"Кенжехан вещевой Рынок","+7 702 183 8121","","Рынок","Алматы",KZ,75,new,google_maps_apify,2026-08-16
"Passo Chantal Almaty","+7 701 947 0301","","Оптовый продавец одежды","Алматы",KZ,15,new,google_maps_apify,2026-08-16
"Мизам","+7 700 094 0094","","Рынок","Алматы",KZ,75,new,google_maps_apify,2026-08-16
"Торгoвое Оборудование / манекены / ресепшн / Экономпанели / TM Company","+7 701 254 9975","http://instagram.com/tm.maneken/","Поставщик оборудования для магазинов","Алматы",KZ,15,new,google_maps_apify,2026-08-16
"Социальный оптово-розничный рынок ""Самал""","","","Торговый центр","Алматы",KZ,45,new,google_maps_apify,2026-08-16
"Рынок Автозапчастей Кенжехан 2","+7 705 154 3272","","Торговый центр","Алматы",KZ,75,new,google_maps_apify,2026-08-16
"Optom Almaty Istanbul","+7 707 710 5999","https://instagram.com/optom_almaty_istanbul?utm_medium=copy_link","Магазин одежды","Алматы",KZ,15,new,google_maps_apify,2026-08-16
"""Кенжехан"" 13-14ряд/2контейнер","+7 702 258 1208","","Рынок","Алматы",KZ,75,new,google_maps_apify,2026-08-16
"КОЛГОТКИ LAND","+7 747 279 2979","","Оптовая торговля","Алматы",KZ,15,new,google_maps_apify,2026-08-16
"Оптомаркет ""Кокжиек""","","","Магазин","Алматы",KZ,45,new,google_maps_apify,2026-08-16
"Детская Одежда Оптом ErkemaiShop","+7 747 272 0662","","Оптовый продавец одежды","Алматы",KZ,15,new,google_maps_apify,2026-08-16
"Optom Kenjehan","+7 708 805 0451","","Магазин одежды","Алматы",KZ,15,new,google_maps_apify,2026-08-16
"TOIMART","+7 800 070-01-42","https://www.toimart.kz/","Супермаркет","Алматы",KZ,30,new,google_maps_apify,2026-08-16
"EG Clothing","+7 701 734 9712","http://www.instagram.com/egofficial_optom/","Оптовый продавец одежды","Алматы",KZ,15,new,google_maps_apify,2026-08-16
"Посуда Кенжехан-2, Ряд-15, Контейнер41","","","Рынок","Алматы",KZ,45,new,google_maps_apify,2026-08-16
"Оптом домашний текстиль","+7 771 410 0204","http://optom-textile.tilda.ws/","Оптовая торговля","Алматы",KZ,15,new,google_maps_apify,2026-08-16
"Детская одежда оптом Алматы Cool kids","+7 700 296 9205","https://www.instagram.com/coolkids_odejda_optom_","Магазин детской одежды","Алматы",KZ,15,new,google_maps_apify,2026-08-16
"Passo Chantal (Madame Chantal CHMD)","+7 701 743 3125","https://www.madame-chantal.kz/","Магазин одежды","Алматы",KZ,15,new,google_maps_apify,2026-08-16
"детская одежда оптом SAKURA KIDS","+7 776 284 7343","https://instagram.com/optom.sakura.kids?igshid=NTdlMDg3MTY=","Магазин детской одежды","Алматы",KZ,15,new,google_maps_apify,2026-08-16
"Оптово-Розничный Павильон №4 Продовольственная компания ""Изобилие""","+7 778 922 2929","","Продовольственный магазин","Алматы",KZ,15,new,google_maps_apify,2026-08-16
"ТОО АКЭТО","+7 707 095 0097","https://aketo.kz/","Оптовая торговля","Алматы",KZ,15,new,google_maps_apify,2026-08-16
"SMALL","+7 800 070-71-70","https://small.kz/ru/almaty","Супермаркет","Алматы",KZ,75,new,google_maps_apify,2026-08-16
"BAURAMIX market","+7 775 107 7707","https://bauramix.kz/","Оптовая продажа строительных материалов","Алматы",KZ,15,new,google_maps_apify,2026-08-16
"Ярмарка ""Турксиб""","+7 701 722 9495","https://instagram.com/turksib_yarmarka_almaty","Рынок","Алматы",KZ,90,new,google_maps_apify,2026-08-16
"Оптомаркет Мирас.","","","Продовольственный магазин","Алматы",KZ,45,new,google_maps_apify,2026-08-16
"Продукты","","","Продовольственный магазин","Алматы",KZ,45,new,google_maps_apify,2026-08-16
"Морепродукты в Алматы / Ice Fish","+7 771 400 4222","https://icefish.kz/","Рыбный магазин","Алматы",KZ,30,new,google_maps_apify,2026-08-16
"Оптовый склад Auterra - запчасти по вин коду.","+7 747 377 7003","","Магазин автозапчастей","Алматы",KZ,15,new,google_maps_apify,2026-08-16
"Минимаркет","+7 705 761 8170","","Оптовый магазин продуктов питания","Алматы",KZ,15,new,google_maps_apify,2026-08-16
"Arlan","+7 707 400 4170","","Магазин","Алматы",KZ,45,new,google_maps_apify,2026-08-16
"Рынок ""Тастак"" 12 Бутик Электротовары","+7 708 671 9050","","Рынок","Алматы",KZ,90,new,google_maps_apify,2026-08-16
"A-Store","+7 727 330 9777","http://a-store.kz/","Гипермаркет","Алматы",KZ,75,new,google_maps_apify,2026-08-16
"Samala","","","Оптовый магазин продуктов питания","Алматы",KZ,15,new,google_maps_apify,2026-08-16
"Таза-Line","+7 702 011 1149","","Магазин товаров для дома","Алматы",KZ,30,new,google_maps_apify,2026-08-16
"Volna","+7 775 007 0795","https://www.volna.kz/","Пивной магазин","Алматы",KZ,45,new,google_maps_apify,2026-08-16
"Белорусские продукты","","","Продовольственный магазин","Алматы",KZ,15,new,google_maps_apify,2026-08-16
"Белорусские продукты № 1","+7 705 739 8000","https://belostan.kz/","Колбасные изделия","Алматы",KZ,15,new,google_maps_apify,2026-08-16
"Мир Игрушек","+7 707 380 2060","http://www.mirigrushek.kz/","Магазин игрушек","Алматы",KZ,30,new,google_maps_apify,2026-08-16
"Индийский Трикотаж","+7 707 221 3299","","Магазин","Алматы",KZ,30,new,google_maps_apify,2026-08-16
"Магазин подарков Red Box","+7 701 728 8333","http://red-box.kz/","Магазин подарков","Алматы",KZ,45,new,google_maps_apify,2026-08-16
"Носки трусы оптом","+7 702 702 7771","https://instagram.com/asd_noski_kz?utm_medium=copy_link","Магазин","Алматы",KZ,15,new,google_maps_apify,2026-08-16
"Магазин ""Ароматный Мир""","+7 706 663 1438","http://aromatniymir.kz/","Магазин спиртных напитков","Алматы",KZ,60,new,google_maps_apify,2026-08-16
"Оптовый склад спецодежды в Алматы","+7 707 834 7840","http://specodezhda-v-almaty.kz/","Склад","Алматы",KZ,15,new,google_maps_apify,2026-08-16
"AVINA оптовый склад","+7 778 200 0380","","Склад","Алматы",KZ,15,new,google_maps_apify,2026-08-16
"ПРОДУКТЫ ПИТАНИЯ В АЛМАТЫ","+7 7272 47 78 60","https://bonfood.kz/","Оптовая торговля","Алматы",KZ,15,new,google_maps_apify,2026-08-16
"Оптовый Склад Сантехники","+7 747 399 2629","","Магазин сантехники","Алматы",KZ,15,new,google_maps_apify,2026-08-16
"Игрушки Оптом в Алматы","+7 707 224 8222","http://toytoystore.kz/","Магазин игрушек","Алматы",KZ,15,new,google_maps_apify,2026-08-16
"Оптовый Магазин ВЕТОШЬИ, БЯЗИ, ВАФЕЛЬНОЕ ТКАНЬ , МАРЛЯ, ВЕНИК - НУР-АЙ ТРЭЙД НДС ЭСФ","+7 700 088 8887","http://nuraytreyd.kz/","Хозяйственный магазин","Алматы",KZ,15,new,google_maps_apify,2026-08-16
"Оптом Хозтовары, подгузники и многое другое","+7 747 618 5717","","Оптовая торговля","Алматы",KZ,15,new,google_maps_apify,2026-08-16
"Алматинский Торговый Склад","+7 727 382 9475","","Магазин холодильников","Алматы",KZ,30,new,google_maps_apify,2026-08-16
"Обувь оптом","+7 702 488 7210","","Оптовая торговля","Алматы",KZ,15,new,google_maps_apify,2026-08-16
"ТОО Дэльма","+7 705 664 4446","https://delma.all.biz/?utm_source=google&utm_medium=gmb&utm_term=gmb","Оптовая торговля","Алматы",KZ,15,new,google_maps_apify,2026-08-16
"Snab Day, ""ТОО"" БЫТОВАЯ ХИМИЯ С ДОСТАВКОЙ АЛМАТЫ ПО НИЗКИМ ЦЕНАМ ОПТОМ И В РОЗНИЦУ!","+7 701 926 6626","https://snabday.kz/","Поставщик бытовой химии","Алматы",KZ,30,new,google_maps_apify,2026-08-16
"Торговая компания «AISULU»Сеть магазинов оборудования и косметики для салонов красоты","+7 7272 25 59 76","http://aisulu.kz/","Магазин товаров для парикмахерских","Алматы",KZ,45,new,google_maps_apify,2026-08-16
"Оптовый Магазин Носков","+7 702 667 7067","","Оптовый продавец одежды","Алматы",KZ,15,new,google_maps_apify,2026-08-16
"АРИЯ Рынок Ужет 8 Ряд 81А","+7 705 223 5596","","Магазин одежды","Алматы",KZ,30,new,google_maps_apify,2026-08-16
"улица Розыбакиева 25, Алматы","","","Рынок","Алматы",KZ,30,new,google_maps_apify,2026-08-16
"Анель","+7 727 376 5723","","Поставщик продуктов питания","Алматы",KZ,30,new,google_maps_apify,2026-08-16
"УЮТ - Мебель и товары для дома ИКЕА","+7 777 355 7055","https://kaspi.kz/shop/search/?text=ikea&q=%3AavailableInZones%3AMagnum_ZONE1%3Acategory%3ACategories%3AallMerchants%3AWmart&sort=relevance&filteredByCategory=false&sc=","Магазин товаров для дома","Алматы",KZ,60,new,google_maps_apify,2026-08-16
"UTI-PUTI","+7 707 584 9803","https://uti-puti.kz/","Магазин детской одежды","Алматы",KZ,45,new,google_maps_apify,2026-08-16
"Алкомаркет","","","Оптовая продажа алкогольных напитков","Алматы",KZ,15,new,google_maps_apify,2026-08-16
"AND Asia краски оптом Казахстан для бизнеса и дилеров","+7 727 347 5555","https://an-d.asia/","Оптовая торговля","Алматы",KZ,15,new,google_maps_apify,2026-08-16
"Группа интернет-магазинов GiX","+7 777 022 3445","","Офис компании","Алматы",KZ,15,new,google_maps_apify,2026-08-16
"Kilem Saray","+7 708 972 9494","","Магазин ковров","Алматы",KZ,15,new,google_maps_apify,2026-08-16
"3astyle","+7 775 007 8994","https://3astyle.kz/","Швейный цех","Алматы",KZ,15,new,google_maps_apify,2026-08-16
"Гаухар","+7 7272 99 12 23","","Продовольственный магазин","Алматы",KZ,15,new,google_maps_apify,2026-08-16
"ТО Домино","+7 701 710 7134","","Ёлочный питомник","Алматы",KZ,15,new,google_maps_apify,2026-08-16
"Planta Fruit","+7 701 203 3680","https://plantafruit.kz/","Оптовая продажа саженцев","Алматы",KZ,15,new,google_maps_apify,2026-08-16
"LIQUI MOLY Eurasia 1","+7 701 528 2320","http://www.liquimoly.kz/","Замена масла","Алматы",KZ,60,new,google_maps_apify,2026-08-16
"Белорусские продукты № 1","+7 705 739 8000","https://belostan.kz/","Колбасные изделия","Алматы",KZ,15,new,google_maps_apify,2026-08-16
"Живой уголок","+7 747 555 0002","","Зоомагазин","Алматы",KZ,60,new,google_maps_apify,2026-08-16
"Назик","+7 727 311 4337","http://nazik.kz/","Фирменный магазин","Алматы",KZ,30,new,google_maps_apify,2026-08-16
"Оптовая продажа нижнего белья","+7 707 184 6367","","Магазин нижнего белья","Алматы",KZ,15,new,google_maps_apify,2026-08-16
"Оптом Текстиль","+7 702 591 3720","http://instagram.com/optom_turkmen_postel","Экспортёр текстиля","Алматы",KZ,15,new,google_maps_apify,2026-08-16
"Посуда в Алматы","+7 778 665 0672","https://posuda10.kz/","Магазин посуды из стекла","Алматы",KZ,15,new,google_maps_apify,2026-08-16
"""Lux Fero"" Оптовый Сервис","","","Оптовый рынок","Алматы",KZ,15,new,google_maps_apify,2026-08-16
"Магазин женских вещей UZDEN","+7 707 321 3203","https://instagram.com/uzden_almaty1?utm_medium=copy_link","Оптовый продавец одежды","Алматы",KZ,15,new,google_maps_apify,2026-08-16
"Zhuldyz Flowers","+7 702 630 8222","","Оптовая продажа цветов","Алматы",KZ,15,new,google_maps_apify,2026-08-16
"Алкомаркет №1 в Алматы — Elitalco — Доставка алкоголя","+7 778 322 7755","https://newelitalco.kz/","Оптовая продажа алкогольных напитков","Алматы",KZ,30,new,google_maps_apify,2026-08-16
"ИП Nurcompany","+7 707 799 9167","","Оптовый магазин продуктов питания","Алматы",KZ,15,new,google_maps_apify,2026-08-16
"Морепродукты Алматы / Seafoodgroup","+7 701 617 7879","https://seafoodgroup.kz/","Рыбный магазин","Алматы",KZ,15,new,google_maps_apify,2026-08-16
"Realshoes - Обувь оптом в Алматы","+7 702 465 5558","","Оптовая торговля","Алматы",KZ,15,new,google_maps_apify,2026-08-16
"Барахолка","+7 777 211 5565","","Рынок","Алматы",KZ,90,new,google_maps_apify,2026-08-16
"Женская одежда оптом","+7 727 350 6016","","Магазин женской одежды","Алматы",KZ,15,new,google_maps_apify,2026-08-16
"ОПТОВЫЙЕ МАГАЗИН ВЕТОШИ. Фирма ASITEX. СНДС. ом","+7 702 553 1169","","Хозяйственный магазин","Алматы",KZ,15,new,google_maps_apify,2026-08-16
"ТОО ""Оптовый Двор"" Межкомнатные двери в Алматы лучшего качество","+7 727 972 3254","http://optdvor.kz/almaty","Магазин дверей","Алматы",KZ,15,new,google_maps_apify,2026-08-16
"Магазин-склад ""Мураш-Ата""","+7 747 535 3530","https://murash.kz/","Строительный магазин","Алматы",KZ,30,new,google_maps_apify,2026-08-16
"Оптовая продажа сотовых аксессуаров","","https://t.me/BaisatM1718","Магазин аксессуаров для мобильных телефонов","Алматы",KZ,15,new,google_maps_apify,2026-08-16
"Рынок Барыс","","","Магазин одежды","Алматы",KZ,60,new,google_maps_apify,2026-08-16
"Kazat Safety - Оптовый склад спецодежды и сиз.","+7 701 404 2834","http://www.gat.kz/","Магазин спецодежды","Алматы",KZ,30,new,google_maps_apify,2026-08-16
"ТОО «Тукор»","+7 700 190 0999","http://tukor.info/","Оптовая торговля","Алматы",KZ,30,new,google_maps_apify,2026-08-16
"Медицинские товары ТОО ""HEALTHTON""","+7 702 007 6055","https://healthton.kz/","Оптовая торговля","Алматы",KZ,15,new,google_maps_apify,2026-08-16
"SvetAlmaty.kz","+7 707 829 2555","https://svetalmaty.kz/","Магазин осветительных приборов","Алматы",KZ,30,new,google_maps_apify,2026-08-16
"Volna","+7 775 007 0795","https://www.volna.kz/","Пивной магазин","Алматы",KZ,15,new,google_maps_apify,2026-08-16
"Genau","+7 708 372 7924","https://genau.kz/","Оптовая продажа оборудования для фитнеса","Алматы",KZ,30,new,google_maps_apify,2026-08-16
"Сотовые аксессуары","+7 777 385 3333","","Магазин товаров для дома","Алматы",KZ,15,new,google_maps_apify,2026-08-16
"МейТан","+7 701 603 7163","https://meitan.ru/","Магазин косметики и парфюмерии","Алматы",KZ,15,new,google_maps_apify,2026-08-16
"Magnum Express","+7 727 339 7340","https://magnum.kz/","Супермаркет","Алматы",KZ,45,new,google_maps_apify,2026-08-16
"Магазин автозапчастей LETO","+7 700 426 2528","http://www.leto.kz/","Магазин автозапчастей","Алматы",KZ,45,new,google_maps_apify,2026-08-16
"Marvel Kazakhstan","+7 7272 20 63 00","https://www.marvel.kz/","Компьютерный магазин","Алматы",KZ,30,new,google_maps_apify,2026-08-16
"Меховой Дом Valentina by EL","+7 701 555 5430","","Магазин шуб","Алматы",KZ,15,new,google_maps_apify,2026-08-16
"Южный питомник Ботсада","","http://botsad.kz/","Питомник растений","Алматы",KZ,15,new,google_maps_apify,2026-08-16
"Квантэл Электро","+7 777 022 0408","https://kvantelelectro.satu.kz/","Магазин электротоваров","Алматы",KZ,15,new,google_maps_apify,2026-08-16
"Pirogon","+7 702 673 8430","https://pirogon.kz/","Пекарня","Алматы",KZ,15,new,google_maps_apify,2026-08-16
"Volna","+7 775 007 0795","https://www.volna.kz/","Пивной магазин","Алматы",KZ,15,new,google_maps_apify,2026-08-16
"UTI-PUTI","+7 707 784 9899","https://uti-puti.kz/","Магазин детской одежды","Алматы",KZ,15,new,google_maps_apify,2026-08-16
"Redmart","+7 700 471 0071","","Магазин бытовой техники","Алматы",KZ,30,new,google_maps_apify,2026-08-16
"Gerat Kazakhstan","+7 707 129 3848","https://gerat.kz/","Магазин автозапчастей","Алматы",KZ,30,new,google_maps_apify,2026-08-16
"LISAP MILANO","+7 705 888 6675","http://www.lisapkazakhstan.kz/","Оптовая продажа косметики","Алматы",KZ,30,new,google_maps_apify,2026-08-16
"Cosmeta-Asia","+7 727 360 4000","http://www.cosmeta.kz/","Магазин косметики и парфюмерии","Алматы",KZ,15,new,google_maps_apify,2026-08-16
"PROFCARE","+7 777 490 4747","https://www.profcare.kz/","Оптовая продажа косметики","Алматы",KZ,15,new,google_maps_apify,2026-08-16
"AnShah","+7 747 415 5080","https://11020-kz.all.biz/","Магазин товаров для дома","Алматы",KZ,15,new,google_maps_apify,2026-08-16
"ОПТОМ СУМКИ КЗ","+7 700 288 7273","","Оптовый рынок","Алматы",KZ,15,new,google_maps_apify,2026-08-16
"Volna","+7 775 007 0795","https://www.volna.kz/","Пивной магазин","Алматы",KZ,45,new,google_maps_apify,2026-08-16
"Рынок Алатау-1","+7 708 949 5665","http://alataumarket.kz/","Рынок","Алматы",KZ,90,new,google_maps_apify,2026-08-16
"KDM","+7 771 704 5578","https://kdm.kz/","Поставщик крепежа","Алматы",KZ,30,new,google_maps_apify,2026-08-16
"Компания ORION","+7 708 983 5358","http://orionholod.kz/","Оптовая продажа бытовой техники","Алматы",KZ,30,new,google_maps_apify,2026-08-16
"ИП Оптовый магазин оборудований","+7 702 345 6877","https://opttech.kz/contacts","Поставщик оборудования","Алматы",KZ,15,new,google_maps_apify,2026-08-16
"Almatyabrasiv TM Gerad","+7 777 774 1888","http://almatyabrasiv.kz/","Поставщик абразивов","Алматы",KZ,15,new,google_maps_apify,2026-08-16
"A-MARKA (А-МАРКА)","+7 702 762 0915","http://www.amarka.kz/","Магазин необработанной мебели","Алматы",KZ,45,new,google_maps_apify,2026-08-16
"ЭКСКЛЮЗИВНЫЙ ОПТОВЫЙ ПОСТАВЩИК TOTACHI В КАЗАХСТАНЕ","+7 702 116 8140","","Магазин автозапчастей","Алматы",KZ,15,new,google_maps_apify,2026-08-16
"Optoshka Almata","+7 708 350 1919","https://instagram.com/optoshka_almata?utm_medium=copy_link","Оптовый продавец одежды","Алматы",KZ,15,new,google_maps_apify,2026-08-16
"Miavitta","+7 701 493 8221","","Оптовый магазин продуктов питания","Алматы",KZ,15,new,google_maps_apify,2026-08-16
"Beri-Optom - оптовый интернет-магазин китайских товаров в Алматы","+7 777 394 3259","","Оптовая торговля","Алматы",KZ,30,new,google_maps_apify,2026-08-16
"Грузовые шины Sunfull Оптовый и розничный Склад шин","+7 775 955 8837","","Магазин шин","Алматы",KZ,15,new,google_maps_apify,2026-08-16
"Green Garden","+7 702 338 8837","https://greengarden-almata.kz/","Магазин товаров для дачи и сада","Алматы",KZ,45,new,google_maps_apify,2026-08-16
"Спортивные товары Алматы-Bekzatsports","+7 707 128 0584","","Оптовая продажа спортивных аксессуаров","Алматы",KZ,15,new,google_maps_apify,2026-08-16
"Магазин на колёсах","+7 777 356 3020","","Оптовая продажа женского белья","Алматы",KZ,15,new,google_maps_apify,2026-08-16
"Торговый Центр","+7 701 487 7802","","Торговый центр","Алматы",KZ,75,new,google_maps_apify,2026-08-16
"Магазин посуды Jayli.Q","+7 747 666 0163","http://jayli.q.tilda.ws/#%D0%BC%D0%B0%D0%B3%D0%B0%D0%B7%D0%B8%D0%BD_%D0%BF%D0%BE%D1%81%D1%83%D0%B4%D1%8B","Магазин товаров для ресторанов","Алматы",KZ,30,new,google_maps_apify,2026-08-16
"Магазин бобер, MASIMA , бытовая техника SOKANY оптом","+7 707 400 3899","","Магазин бытовой техники","Алматы",KZ,15,new,google_maps_apify,2026-08-16
"Компания STAR PARTY - Поставщик шаров в Казахстане","+7 705 181 5707","https://new.starparty.kz/","Магазин воздушных шаров","Алматы",KZ,30,new,google_maps_apify,2026-08-16
"dorco Бритвенные станки и системы DORCO в Казахстане","+7 776 215 8888","","Оптовая торговля","Алматы",KZ,15,new,google_maps_apify,2026-08-16
"Габионы и геоматериалы от ТОО GeOMasters Team","+7 701 958 0047","http://geomasters.kz/","Оптовая продажа строительных материалов","Алматы",KZ,15,new,google_maps_apify,2026-08-16
"TheМиска","+7 701 059 9792","http://miska.kz/","Зоомагазин","Алматы",KZ,15,new,google_maps_apify,2026-08-16
"Electrotech","","https://electrotech.kz/","Магазин электротоваров","Алматы",KZ,15,new,google_maps_apify,2026-08-16
"Fixtech","+7 707 354 7500","https://ergocom.kz/","Оптовая торговля","Алматы",KZ,15,new,google_maps_apify,2026-08-16
"Trust Technologies Спецодежда СИЗ","+7 771 705 5115","https://trust-tech.kz/","Поставщик спецодежды и средств защиты","Алматы",KZ,15,new,google_maps_apify,2026-08-16
"Гарант-ТТ","+7 7272 27 50 16","http://kuhni.com.kz/","Оптовая продажа мебели","Алматы",KZ,15,new,google_maps_apify,2026-08-16
"Ветеринарная аптека, склад ТОО Акжол ЛТД","+7 777 367 4000","","Ветеринарная аптека","Алматы",KZ,15,new,google_maps_apify,2026-08-16
"Академия Tinel","+7 776 039 8888","","Учебный центр","Алматы",KZ,15,new,google_maps_apify,2026-08-16
"Kazakh Vending Company","+7 701 766 9997","http://www.kvc.kz/","Кофейный автомат","Алматы",KZ,30,new,google_maps_apify,2026-08-16
"KazServiceProject","+7 707 821 5008","http://www.serviceproject.kz/","Оптовая продажа компьютерной техники","Алматы",KZ,15,new,google_maps_apify,2026-08-16
"HappyCake","+7 707 777 1144","https://happycake.kz/almaty","Кондитерская","Алматы",KZ,15,new,google_maps_apify,2026-08-16
"Salax","+7 701 784 3444","http://salax.kz/","Интернет-магазин","Алматы",KZ,15,new,google_maps_apify,2026-08-16
"glo","+7 800 080-10-80 ext. 5757","https://myglo.kz/","Поставщик табака","Алматы",KZ,15,new,google_maps_apify,2026-08-16
"Аквамаркет Тибетская","+7 727 317 2737","https://try.new.yapartner.kz/2gisalmaty","Поставщик бутилированной воды","Алматы",KZ,15,new,google_maps_apify,2026-08-16
"Аптека (ТОО Нидиа Фарм)","+7 727 309 5453","","Аптека","Алматы",KZ,15,new,google_maps_apify,2026-08-16
"HappyCake","+7 707 777 1144","https://happycake.kz/almaty","Кондитерская","Алматы",KZ,15,new,google_maps_apify,2026-08-16
"HappyCake","+7 707 777 1144","https://happycake.kz/almaty","Кондитерская","Алматы",KZ,15,new,google_maps_apify,2026-08-16
"HappyCake","+7 707 777 1144","https://happycake.kz/almaty","Кондитерская","Алматы",KZ,15,new,google_maps_apify,2026-08-16
"CAFFÈ VERGNANO 1882","+7 707 369 0000","","Кафетерий","Алматы",KZ,15,new,google_maps_apify,2026-08-16
"ТОО "" ОПТОВЫЙ ДВОР"" Межкомнатные двери, деревянные двери","+7 727 377 0511","http://optdvor.kz/almaty","Магазин дверей","Алматы",KZ,15,new,google_maps_apify,2026-08-16
"ТОО ""Ламинат Плюс LTD""","+7 701 789 0020","https://www.laminat-almaty.kz/","Магазин напольных покрытий","Алматы",KZ,15,new,google_maps_apify,2026-08-16
"abdi","+7 727 394 3752","https://abdi.kz/","Магазин канцелярских товаров","Алматы",KZ,75,new,google_maps_apify,2026-08-16
"Саудакент","","","Рынок","Алматы",KZ,75,new,google_maps_apify,2026-08-16
"UTI-PUTI","+7 707 784 9801","https://uti-puti.kz/","Магазин детской одежды","Алматы",KZ,60,new,google_maps_apify,2026-08-16
"Nurmax (Нурмакс)","+7 7272 20 77 47","http://nurmaxkz.kz/","Магазин строительных товаров","Алматы",KZ,45,new,google_maps_apify,2026-08-16
"Конфи. Магазин сладостей РАХАТ","+7 700 595 9030","http://konfi.kz/","Оптовая торговля","Алматы",KZ,15,new,google_maps_apify,2026-08-16
"AFONOLIVA.KZ","+7 777 477 5666","https://www.afonoliva.kz/","Экспортёр продуктов питания и напитков","Алматы",KZ,15,new,google_maps_apify,2026-08-16
"Бутик Женской Одежды Из Турции","+7 777 822 2259","","Магазин одежды","Алматы",KZ,15,new,google_maps_apify,2026-08-16
"Алатау","+7 7272 48 65 93","","Торговый центр","Алматы",KZ,75,new,google_maps_apify,2026-08-16
"Декатлон Казахстан","+7 702 075 0777","https://decathlon.kz/","Магазин спорттоваров","Алматы",KZ,60,new,google_maps_apify,2026-08-16
"Sen Sulu Магазин женской одежды. Алматы","+7 778 154 1079","https://instagram.com/sen_sulu.official.almaty?igshid=11kfd649ev4q8","Магазин женской одежды","Алматы",KZ,15,new,google_maps_apify,2026-08-16
"Итальянская пряжа Алматы, фурнитура для бижутерии и натуральные камни","+7 775 909 1400","https://www.instagram.com/knitshopping.kz/","Магазин пряжи","Алматы",KZ,15,new,google_maps_apify,2026-08-16
"Elfina","+7 777 017 3456","http://elfina.kz/","Магазин игрушек","Алматы",KZ,15,new,google_maps_apify,2026-08-16
"Cvety.kz","+7 702 222 0730","https://cvety.kz/almaty/","Доставка цветов","Алматы",KZ,30,new,google_maps_apify,2026-08-16
"TOO AK-STROY","+7 707 523 1020","http://ak-stroy.kz/","Магазин напольных покрытий","Алматы",KZ,30,new,google_maps_apify,2026-08-16
"Светофор","","","Супермаркет низких цен","Алматы",KZ,60,new,google_maps_apify,2026-08-16
"Детскиий текстиль Оптом","+7 700 953 0562","","Магазин детской одежды","Алматы",KZ,15,new,google_maps_apify,2026-08-16
"Floors","+7 707 111 6030","https://www.floors.kz/laminate/","Магазин напольных покрытий","Алматы",KZ,15,new,google_maps_apify,2026-08-16
"HappyCake","+7 707 777 1144","https://happycake.kz/almaty","Кондитерская","Алматы",KZ,15,new,google_maps_apify,2026-08-16
"Opt Store","+7 707 430 3050","","Оптовая торговля","Алматы",KZ,15,new,google_maps_apify,2026-08-16
"Весновка","+7 7272 64 56 34","","Поставщик продуктов питания","Алматы",KZ,15,new,google_maps_apify,2026-08-16
"Строительный Рынок","+7 707 328 0155","","Строительный рынок","Алматы",KZ,45,new,google_maps_apify,2026-08-16
"Magnum","+7 727 339 7340","https://magnum.kz/","Гипермаркет","Алматы",KZ,90,new,google_maps_apify,2026-08-16
"ONEKI","+7 708 008 2161","https://www.instagram.com/kanstovar_almaty?igsh=anpsc2VkZ2Z0N3g1&utm_source=qr","Оптовая продажа канцелярских товаров","Алматы",KZ,15,new,google_maps_apify,2026-08-16
"Рынок ""Ак-булак""","+7 701 733 6916","https://instagram.com/aqbulaq.kz?utm_medium=copy_link","Торговый центр","Алматы",KZ,75,new,google_maps_apify,2026-08-16
"Рынок Салем","","","Торговый центр","Алматы",KZ,75,new,google_maps_apify,2026-08-16
"Optom textile Kazakhstan","","https://instagram.com/optom.textile.kazakhstan?utm_medium=copy_link","Магазин товаров для дома","Алматы",KZ,15,new,google_maps_apify,2026-08-16
"Рынок ""Казына""","","","Торговый центр","Алматы",KZ,45,new,google_maps_apify,2026-08-16
"Sagadat","+7 747 373 7343","https://www.instagram.com/sagadat.tex/","Магазин постельного белья","Алматы",KZ,15,new,google_maps_apify,2026-08-16
"Арлан-2","","","Рынок","Алматы",KZ,30,new,google_maps_apify,2026-08-16
"Erva Home","+7 747 970 2503","https://www.instagram.com/moda_optom_textile?igsh=eWV4YzNrbjRtZ3Az","Текстильная фабрика","Алматы",KZ,15,new,google_maps_apify,2026-08-16
"Женская Одежда","+7 701 335 3646","","Магазин женской одежды","Алматы",KZ,15,new,google_maps_apify,2026-08-16
"Магазин Жулдыз","","","Магазин товаров для дома","Алматы",KZ,30,new,google_maps_apify,2026-08-16
"Сеть магазинов ""Прага"".","+7 727 395 5224","http://pragashop.kz/","Магазин товаров для дома","Алматы",KZ,30,new,google_maps_apify,2026-08-16
"RichShop.kz","+7 705 300 4890","https://richshop.kz/","Магазин товаров для салонов красоты","Алматы",KZ,15,new,google_maps_apify,2026-08-16
"Optom textile Kenje","+7 701 636 6833","https://instagram.com/optom.textile.kenje?utm_medium=copy_link","Магазин постельного белья","Алматы",KZ,15,new,google_maps_apify,2026-08-16
"Shantal lingerie","+7 747 180 1606","https://shantalopt.com/?utm_source=googlemaps","Оптовая торговля","Алматы",KZ,15,new,google_maps_apify,2026-08-16
"Детская Одежда Rayan Kidss","+7 700 953 9462","https://instagram.com/rayan_kidss?utm_medium=copy_link","Оптовый продавец одежды","Алматы",KZ,15,new,google_maps_apify,2026-08-16
"TESPE","+7 778 409 4999","https://www.instagram.com/tespe_noski.kz?igsh=aHNyYWI1cGx0MWt6","Оптовый продавец одежды","Алматы",KZ,15,new,google_maps_apify,2026-08-16
"Medi Tekstil Optom","+7 778 109 0736","https://instagram.com/medi.tekstil.optom?utm_medium=copy_link","Магазин постельного белья","Алматы",KZ,15,new,google_maps_apify,2026-08-16
"Цветочный базар","","","Цветочный магазин","Алматы",KZ,30,new,google_maps_apify,2026-08-16
"Flowers Patio","+7 701 759 2200","","Цветочный магазин","Алматы",KZ,30,new,google_maps_apify,2026-08-16
"Рынок Алматы 1","+7 777 077 1737","","Рынок","Алматы",KZ,90,new,google_maps_apify,2026-08-16
"Оптовый магазин игрушек Toybala","+7 727 386 2826","","Детский магазин","Алматы",KZ,15,new,google_maps_apify,2026-08-16
"BestFlowers.kz","+7 778 957 8575","https://bestflowers.kz/","Доставка цветов","Алматы",KZ,30,new,google_maps_apify,2026-08-16
"Белорусские продукты № 1","+7 705 739 8000","https://belostan.kz/","Колбасные изделия","Алматы",KZ,15,new,google_maps_apify,2026-08-16
"Белорусские продукты № 1","+7 705 739 8000","https://belostan.kz/","Колбасные изделия","Алматы",KZ,15,new,google_maps_apify,2026-08-16
"Чековая Лента","+7 727 329 6136","https://xn----7sbbfod5alte4cwczg.kz/","Оптовая торговля","Алматы",KZ,30,new,google_maps_apify,2026-08-16
"TeMax","+7 777 030 9090","","Магазин строительных товаров","Алматы",KZ,30,new,google_maps_apify,2026-08-16
"TOIMART","+7 800 070-01-42","https://www.toimart.kz/","Супермаркет","Алматы",KZ,15,new,google_maps_apify,2026-08-16
"LAIWO - интерактивное оборудование","+7 707 659 0009","http://www.laiwo.kz/","Оптовая торговля","Алматы",KZ,15,new,google_maps_apify,2026-08-16
"Al-Style","+7 727 300 0300","https://al-style.kz/","Оптовая торговля","Алматы",KZ,45,new,google_maps_apify,2026-08-16
"Шохрат маркет","","","Оптовый магазин продуктов питания","Алматы",KZ,15,new,google_maps_apify,2026-08-16
"Комфорт","+7 771 929 1312","https://www.komfort.kz/","Строительный магазин","Алматы",KZ,90,new,google_maps_apify,2026-08-16
"Kilem Market","+7 705 778 5753","","Магазин товаров для дома","Алматы",KZ,30,new,google_maps_apify,2026-08-16
"Строительный рынок Бахар","+7 707 471 7096","","Строительный рынок","Алматы",KZ,60,new,google_maps_apify,2026-08-16
"ТОО БИКО","+7 727 382 1956","https://profi-s.kz/","Оптовая торговля","Алматы",KZ,15,new,google_maps_apify,2026-08-16
"Оптомаркет","","","Магазин овощей и фруктов","Алматы",KZ,15,new,google_maps_apify,2026-08-16
"ИП ""БАЛЬНЕР"" / TRAVKA.KZ","+7 777 303 0333","https://travka.kz/","Оптовая торговля","Алматы",KZ,30,new,google_maps_apify,2026-08-16
"ТОО ""Склад ОВ"" (Радиаторы TIPIDO)","+7 727 339 2286","http://tipido.kz/","Производитель","Алматы",KZ,30,new,google_maps_apify,2026-08-16
"hodovik","+7 747 479 0890","","Магазин","Алматы",KZ,15,new,google_maps_apify,2026-08-16
"КАС-торг: хозтовары, расходный материал, бытовая химия в Алматы","+7 771 575 3071","https://kas-torg.kz/","Хозяйственный магазин","Алматы",KZ,15,new,google_maps_apify,2026-08-16
"Ленуца","+7 7272 42 75 43","","Продовольственный магазин","Алматы",KZ,45,new,google_maps_apify,2026-08-16
"Группа компаний ""Автомаляр""","+7 727 339 8253","http://www.avtomalyar.kz/","Магазин автохимии","Алматы",KZ,60,new,google_maps_apify,2026-08-16
"ТОО Bugel","+7 705 333 0330","https://bugel.kz/","Поставщик крепёжных изделий","Алматы",KZ,45,new,google_maps_apify,2026-08-16
"Capital Garant Group Казахстан","+7 777 312 6852","https://cg-group.kz/","Оптовая торговля","Алматы",KZ,15,new,google_maps_apify,2026-08-16
"Белорусские продукты № 1","+7 705 739 8000","https://belostan.kz/","Колбасные изделия","Алматы",KZ,15,new,google_maps_apify,2026-08-16
"Volna","+7 775 007 0795","https://www.volna.kz/","Пивной магазин","Алматы",KZ,15,new,google_maps_apify,2026-08-16
"ТОО ""LL TRADE""","+7 707 412 3050","https://www.instagram.com/lltrade_kz/","Оптовая продажа мебели","Алматы",KZ,15,new,google_maps_apify,2026-08-16
"EpoMaxS","+7 708 637 0833","","Оптовая торговля","Алматы",KZ,15,new,google_maps_apify,2026-08-16
"Белорусские продукты № 1","+7 705 739 8000","https://belostan.kz/","Колбасные изделия","Алматы",KZ,15,new,google_maps_apify,2026-08-16
"Белорусские продукты № 1","+7 705 739 8000","https://belostan.kz/","Колбасные изделия","Алматы",KZ,15,new,google_maps_apify,2026-08-16
"Магазин товары для дома","+7 708 979 3487","","Оптовая продажа товаров повседневного спроса","Алматы",KZ,15,new,google_maps_apify,2026-08-16
"Цветочный магазин","+7 778 985 0334","","Магазин","Алматы",KZ,15,new,google_maps_apify,2026-08-16
"Универсальный рынок Нурсат","","","Рынок","Алматы",KZ,75,new,google_maps_apify,2026-08-16
"TOIMART","+7 800 070-01-42","https://www.toimart.kz/","Супермаркет","Алматы",KZ,60,new,google_maps_apify,2026-08-16
"AstroBT","+7 7272 23 03 65","http://www.astrobt.kz/","Оптовая продажа бытовой техники","Алматы",KZ,15,new,google_maps_apify,2026-08-16
"ТОО ""Нуртау-А""","+7 727 333 0888","http://www.nurtau-a.kz/","Строительный магазин","Алматы",KZ,30,new,google_maps_apify,2026-08-16
"Алель Агро","+7 727 343 5545","http://alelagro.kz/ru/contacts.html","Птицеферма","Алматы",KZ,15,new,google_maps_apify,2026-08-16
"Белорусские продукты № 1","+7 705 739 8000","https://belostan.kz/","Колбасные изделия","Алматы",KZ,15,new,google_maps_apify,2026-08-16
"Белорусские продукты № 1","+7 705 739 8000","https://belostan.kz/","Колбасные изделия","Алматы",KZ,15,new,google_maps_apify,2026-08-16
"Белорусские продукты № 1","+7 705 739 8000","https://belostan.kz/","Колбасные изделия","Алматы",KZ,15,new,google_maps_apify,2026-08-16
"ТОО ""Адал жем""","+7 778 214 6317","https://adaljem.kz/","Магазин кормов","Алматы",KZ,15,new,google_maps_apify,2026-08-16
"Obuv_vnalichii_2","+7 778 667 2577","","Обувной магазин","Алматы",KZ,45,new,google_maps_apify,2026-08-16
"Alihan Company Almaty","+7 708 038 8888","https://alihancompany.kz/","Строительный магазин","Алматы",KZ,15,new,google_maps_apify,2026-08-16
"Золотые ворота","+7 771 266 0618","http://zvt.kz/","Строительный магазин","Алматы",KZ,15,new,google_maps_apify,2026-08-16
"Круассаны замороженные Алматы","+7 775 388 2121","","Производитель замороженных пищевых продуктов","Алматы",KZ,15,new,google_maps_apify,2026-08-16
"Zenera","+7 701 805 0064","https://zenera.kz/#","Производитель спортивной одежды","Алматы",KZ,15,new,google_maps_apify,2026-08-16
"ТОО ВАСТЕ","+7 727 384 7636","http://vaste.kz/","Производитель","Алматы",KZ,15,new,google_maps_apify,2026-08-16
"ТОО ""AF-SOLUT""","+7 7272 32 35 54","https://alihancompany.kz/","Поставщик стройматериалов","Алматы",KZ,15,new,google_maps_apify,2026-08-16
"Запчасти Газель Газ-Уаз","+7 705 302 5152","https://gricompani.kz/","Магазин автозапчастей","Алматы",KZ,15,new,google_maps_apify,2026-08-16
"МАМЫР. ВСЕ ВИДЫ ТЕПЛОИЗОЛЯЦИИ","+7 708 708 8811","http://www.mamyr.kz/","Оптовая торговля","Алматы",KZ,15,new,google_maps_apify,2026-08-16
"Торговый дом ЭлитФиш","+7 708 114 8698","https://elitefish.kz/contact/","","Алматы",KZ,15,new,google_maps_apify,2026-08-16
"RC Group","+7 727 321 8202","","Компьютерный магазин","Алматы",KZ,15,new,google_maps_apify,2026-08-16
"SAUDA","+7 700 363 3963","","Логистические услуги","Алматы",KZ,15,new,google_maps_apify,2026-08-16
"Almatmed","+7 747 488 7462","","Магазин медицинского оборудования","Алматы",KZ,15,new,google_maps_apify,2026-08-16
"BELARUSKI","+7 707 210 6421","","Продовольственный магазин","Алматы",KZ,45,new,google_maps_apify,2026-08-16
"Froot","+7 707 000 3612","","Продовольственный магазин","Алматы",KZ,15,new,google_maps_apify,2026-08-16
"Фикс Прайс","","http://fix-price.kz/","Магазин товаров для дома","Алматы",KZ,45,new,google_maps_apify,2026-08-16
"Азбука рыбного вкуса","+7 7272 93 09 27","","Рыбный магазин","Алматы",KZ,45,new,google_maps_apify,2026-08-16
"FLOWER AVENUE - здесь живут цветы","+7 700 800 9192","https://flower.kz/","Цветочный рынок","Алматы",KZ,45,new,google_maps_apify,2026-08-16
"Атамекен","+7 775 463 0257","","Поставщик продуктов питания","Алматы",KZ,15,new,google_maps_apify,2026-08-16
"Nickol","+7 701 534 6041","https://www.nickol.kz/","Магазин товаров для салонов красоты","Алматы",KZ,45,new,google_maps_apify,2026-08-16
"Белорусские продукты № 1","+7 705 739 8000","https://belostan.kz/","Колбасные изделия","Алматы",KZ,15,new,google_maps_apify,2026-08-16
"«Pro-Buket»","+7 778 746 0036","https://pro-buket.kz/","Доставка цветов","Алматы",KZ,45,new,google_maps_apify,2026-08-16
"ТЦ Олжа","","","Торговый центр","Алматы",KZ,45,new,google_maps_apify,2026-08-16
"Hassanov Home плитка мозаика","+7 707 151 1131","http://www.hassanovhome.kz/","Магазин строительных товаров","Алматы",KZ,15,new,google_maps_apify,2026-08-16
"Eco Fresh","+7 708 690 9313","","Магазин","Алматы",KZ,15,new,google_maps_apify,2026-08-16
"Ферма у дома","","","Продовольственный магазин","Алматы",KZ,45,new,google_maps_apify,2026-08-16
"Арт Букет - доставка цветов","+7 777 047 5555","https://almaty.art-buket.kz/","Цветочный магазин","Алматы",KZ,45,new,google_maps_apify,2026-08-16
"Saffron","+7 775 839 0566","https://www.instagram.com/saffron_ala/","Оптовый магазин продуктов питания","Алматы",KZ,15,new,google_maps_apify,2026-08-16
"Office Expert","+7 727 331 7070","https://oe.kz/","Интернет-магазин","Алматы",KZ,30,new,google_maps_apify,2026-08-16
"Канцтовары оптом купить со склада в Алматы - KancOpt.kz","+7 701 501 7117","http://kanctop.kz/","Оптовая продажа канцелярских товаров","Алматы",KZ,15,new,google_maps_apify,2026-08-16
"Электротовары оптом от производителей","+7 708 971 0605","","Оптовая торговля","Алматы",KZ,15,new,google_maps_apify,2026-08-16
"Fresh Frozen","+7 747 340 0619","","Оптовый магазин продуктов питания","Алматы",KZ,15,new,google_maps_apify,2026-08-16
"Bitex - оптово-розничная продажа текстиля, печать на одежде и брендирование в Алматы","+7 776 963 5120","https://bitex.kz/","Печать по текстилю","Алматы",KZ,30,new,google_maps_apify,2026-08-16
"Froot","+7 707 000 3612","","Продовольственный магазин","Алматы",KZ,15,new,google_maps_apify,2026-08-16
"Рахат","+7 7272 58 47 10 ext. 590","https://www.rakhat.kz/","Кондитерский магазин","Алматы",KZ,60,new,google_maps_apify,2026-08-16
"Alpion","+7 700 555 4072","","Оптовая торговля","Алматы",KZ,15,new,google_maps_apify,2026-08-16
"Белорусские продукты № 1","+7 705 739 8000","https://belostan.kz/","Колбасные изделия","Алматы",KZ,15,new,google_maps_apify,2026-08-16
"Магазин индийской одежды ""Брахмапутра""","+7 705 419 5236","http://instagram.com/brahmaputra.kz","Магазин одежды","Алматы",KZ,15,new,google_maps_apify,2026-08-16
"Froot","+7 707 000 3612","","Продовольственный магазин","Алматы",KZ,15,new,google_maps_apify,2026-08-16
"Салон китайской косметики ""Мей Ли""","+7 7272 74 20 22","http://www.meili.kz/","Магазин товаров для салонов красоты","Алматы",KZ,45,new,google_maps_apify,2026-08-16
"Froot","+7 707 000 3612","","Продовольственный магазин","Алматы",KZ,15,new,google_maps_apify,2026-08-16
"Ortonog.kz – ортопедический магазин в Алматы | Бандажи, лангеты, ортезы","+7 708 960 9925","https://justshop.kz/","Магазин косметики и парфюмерии","Алматы",KZ,30,new,google_maps_apify,2026-08-16
"Магазин элитных тканей из Италии ""Italian Textile"" в Алматы","+7 777 240 4868","","Магазин тканей","Алматы",KZ,15,new,google_maps_apify,2026-08-16
"Мир Растений Алматы","+7 707 191 7100","https://www.xn--80akhcfnkvall.kz/","Оптовая продажа саженцев","Алматы",KZ,15,new,google_maps_apify,2026-08-16
"ТОО “Abris Distribution - Kazakhstan”","+7 727 347 0346","https://xfinity.kz/","Оптовая продажа компьютерной техники","Алматы",KZ,15,new,google_maps_apify,2026-08-16
"Белорусские продукты № 1","+7 705 739 8000","https://belostan.kz/","Колбасные изделия","Алматы",KZ,15,new,google_maps_apify,2026-08-16
"Жасау","+7 7272 79 68 01","","Магазин постельных принадлежностей","Алматы",KZ,15,new,google_maps_apify,2026-08-16
"Магазин Умный Дом","+7 747 535 2560","","Оптовая продажа электроники","Алматы",KZ,15,new,google_maps_apify,2026-08-16
"ПрофКондитер","+7 701 484 0350","","Оптовая продажа товаров повседневного спроса","Алматы",KZ,15,new,google_maps_apify,2026-08-16
"Посуда","+7 775 779 1707","","Магазин посуды из стекла","Алматы",KZ,15,new,google_maps_apify,2026-08-16
"Книги ЭРУДИТ","+7 701 918 8388","","Книжный магазин","Алматы",KZ,45,new,google_maps_apify,2026-08-16
"Магазин музыкальных инструментов ""YMusic - MUZTORG""","+7 777 829 2020","https://ymusic.kz/","Магазин музыкальных инструментов","Алматы",KZ,45,new,google_maps_apify,2026-08-16
"Optimus KZ, магазин красок, строительной химии и малярного инструмента","+7 775 007 4060","https://optimus-kz.com/","Оптовая продажа строительных материалов","Алматы",KZ,15,new,google_maps_apify,2026-08-16
"Кокшетауское мороженое Гормолзавод","+7 708 942 9092","https://koksheicecream.kz/","Поставщик продуктов питания","Алматы",KZ,15,new,google_maps_apify,2026-08-16
"Дом Пряжи","+7 775 306 4796","https://kaspi.kz/shop/search/?q=%3AallMerchants%3A16182000","Магазин пряжи","Алматы",KZ,15,new,google_maps_apify,2026-08-16
"Добряк","+7 777 582 2357","","Торговец табачными изделиями","Алматы",KZ,30,new,google_maps_apify,2026-08-16
"TITAN SHOP - спортивная одежда и экипировка в Алматы","+7 701 957 6555","https://instagram.com/titanshopkz?igshid=MzRlODBiNWFlZA==","Магазин спорттоваров","Алматы",KZ,15,new,google_maps_apify,2026-08-16
"ASTIMPEX LLC","+7 701 733 5302","","Строительный рынок","Алматы",KZ,15,new,google_maps_apify,2026-08-16
"idealbeauty","+7 727 392 6930","http://www.idealbeauty.kz/","Магазин товаров для салонов красоты","Алматы",KZ,30,new,google_maps_apify,2026-08-16
"Корейская косметика Алматы - Koreanmart.kz","+7 707 828 2580","http://koreanmart.kz/","Магазин косметики и парфюмерии","Алматы",KZ,15,new,google_maps_apify,2026-08-16
"FLOWER AVENUE","+7 700 800 9191","http://flower.kz/","Цветочный рынок","Алматы",KZ,30,new,google_maps_apify,2026-08-16
"ASYQ Et","+7 775 680 0180","https://wa.me/+77756800180","Мясной магазин","Алматы",KZ,30,new,google_maps_apify,2026-08-16
"Белорусские продукты № 1","+7 705 739 8000","https://belostan.kz/","Колбасные изделия","Алматы",KZ,15,new,google_maps_apify,2026-08-16
"ЯРС и К ТОО","+7 7272 49 31 06","http://www.yars.kz/","Оптовая торговля","Алматы",KZ,15,new,google_maps_apify,2026-08-16
"Volna","+7 775 007 0795","https://www.volna.kz/","Пивной магазин","Алматы",KZ,15,new,google_maps_apify,2026-08-16
"Чёрная икра","+7 702 777 1703","","Производство рыбной продукции","Алматы",KZ,15,new,google_maps_apify,2026-08-16
"ТОО ""Белорусский Дом Белья""","+7 771 107 5797","https://bel-dom.kz/","Оптовая торговля","Алматы",KZ,15,new,google_maps_apify,2026-08-16
"Арт Казахстан","+7 777 223 1505","","Магазин поздравительных открыток","Алматы",KZ,15,new,google_maps_apify,2026-08-16
"Adika perfume & cosmetics","+7 700 307 1177","http://adika.kz/","Поставщик парфюмерии и ароматизаторов","Алматы",KZ,15,new,google_maps_apify,2026-08-16
"Назик","+7 727 392 3297","http://nazik.kz/","Магазин тортов","Алматы",KZ,45,new,google_maps_apify,2026-08-16
"Almatybuket","+7 702 874 4444","","Цветочный магазин","Алматы",KZ,30,new,google_maps_apify,2026-08-16
"ТОО ""КазЕвроExim""","+7 771 571 1111","","Продажа фруктов и овощей","Алматы",KZ,15,new,google_maps_apify,2026-08-16
"Texvibe| Скатерти, уличные шторы для террасы, униформа, шторы для ресторанов и кафе","+7 777 640 5908","https://www.instagram.com/texvibe?igsh=MXNrMjd5MW5wbTFwdA==","Оптовая торговля","Алматы",KZ,15,new,google_maps_apify,2026-08-16
"Volna","+7 775 007 0795","https://www.volna.kz/","Пивной магазин","Алматы",KZ,15,new,google_maps_apify,2026-08-16
"ДОСТАВКА АЛКОГОЛЯ, ПИВА ЗА 10-20 МИН В АЛМАТЫ КРУГЛОСУТОЧНО","+7 707 938 7183","https://tootapp.kz/","Пивной магазин","Алматы",KZ,30,new,google_maps_apify,2026-08-16
"Ledshop.kz","+7 777 249 2538","http://ledshop.kz/","Оптовая продажа светотехнического оборудования","Алматы",KZ,15,new,google_maps_apify,2026-08-16
"Give The Gifts","+7 727 313 7783","","Оптовая торговля","Алматы",KZ,15,new,google_maps_apify,2026-08-16
"Logoprom","+7 777 224 4666","http://xn--80anehn5d.kz/","Производитель сувениров","Алматы",KZ,15,new,google_maps_apify,2026-08-16
"Volna","+7 775 007 0795","https://www.volna.kz/","Пивной магазин","Алматы",KZ,15,new,google_maps_apify,2026-08-16
"Домашний бисквит","+7 747 666 5018","http://biscuit.kz/","Пекарня с оптовым магазином-булочной","Алматы",KZ,15,new,google_maps_apify,2026-08-16
"Белорусские продукты № 1","+7 705 739 8000","https://belostan.kz/","Колбасные изделия","Алматы",KZ,15,new,google_maps_apify,2026-08-16
"Белорусские продукты № 1","+7 705 739 8000","https://belostan.kz/","Колбасные изделия","Алматы",KZ,15,new,google_maps_apify,2026-08-16
"Цветочный магазин Оранж Абая Алтынсарина Цветы Алматы ОРАНЖ Заказать Доставку Букетов из роз","+7 707 820 0729","https://orange-flowers.kz/","Цветочный магазин","Алматы",KZ,15,new,google_maps_apify,2026-08-16
"E-Stroymart","+7 701 202 2588","https://www.e-stroymart.kz/","Магазин сантехники","Алматы",KZ,30,new,google_maps_apify,2026-08-16
"Дари Эмоции","+7 707 924 0567","https://dariemocii.kz/","Производитель сувениров","Алматы",KZ,15,new,google_maps_apify,2026-08-16
"Кенжехан","+7 771 857 7272","","Торговый центр","Алматы",KZ,75,new,google_maps_apify,2026-08-16
"Almaflowers - Доставка цветов Алматы | Цветы в Алматы | Пионы в Алматы | Букеты | Подарки","+7 777 096 2222","https://almaflowers.kz/","Доставка цветов","Алматы",KZ,45,new,google_maps_apify,2026-08-16
"Склад Кормов Purina","+7 778 214 6317","http://adaljem.kz/","Магазин","Алматы",KZ,15,new,google_maps_apify,2026-08-16
"Flowers Shop","+7 707 313 2121","","Цветочный магазин","Алматы",KZ,15,new,google_maps_apify,2026-08-16
"Белорусские продукты № 1","+7 705 739 8000","https://belostan.kz/","Колбасные изделия","Алматы",KZ,15,new,google_maps_apify,2026-08-16
"Светодиодные светильники и LED панели от ТОО ""ELEKTRO-SKLAD.KZ""","+7 777 516 3232","","Оптовая торговля","Алматы",KZ,15,new,google_maps_apify,2026-08-16
"Aza Shop","+7 708 922 7504","https://www.instagram.com/azashopmens?igsh=YnRwOTB2MjVkODJ3","Магазин мужской одежды","Алматы",KZ,15,new,google_maps_apify,2026-08-16
"Агенство коммерческой недвижимости, управляющая компания","+7 707 831 4412","","Магазин спецодежды","Алматы",KZ,30,new,google_maps_apify,2026-08-16
"Sovenok","+7 702 661 7638","https://www.instagram.com/sovenok_for_baby/","Магазин детской одежды","Алматы",KZ,15,new,google_maps_apify,2026-08-16
"Turkiadan","+7 771 847 5201","https://www.instagram.com/turkiadan_kz/","Магазин нижнего белья","Алматы",KZ,15,new,google_maps_apify,2026-08-16
"Купить запчасти для бытовой техники | Maestro extra интернет-магазин","+7 700 390 0252","https://maestro.cts.kz/","Поставщик запчастей для бытовой техники","Алматы",KZ,15,new,google_maps_apify,2026-08-16
"Froot","+7 707 000 3612","","Продовольственный магазин","Алматы",KZ,15,new,google_maps_apify,2026-08-16
"Etop","+7 877 710-72-22","","Магазин детской одежды","Алматы",KZ,30,new,google_maps_apify,2026-08-16
"Хан-Таныры","+7 771 316 8454","","Поставщик продуктов питания","Алматы",KZ,15,new,google_maps_apify,2026-08-16
"ТПК Ожет","+7 771 800 8007","","Агентство по аренде торговых площадей","Алматы",KZ,45,new,google_maps_apify,2026-08-16
"ЗАПЧАСТИ BMW","+7 702 978 0414","","Авторынок","Алматы",KZ,30,new,google_maps_apify,2026-08-16
"BabyMore","+7 702 955 0008","https://www.instagram.com/babymore_optom/","Магазин детской одежды","Алматы",KZ,15,new,google_maps_apify,2026-08-16
"Белорусское Качество","+7 747 893 1659","","Магазин","Алматы",KZ,15,new,google_maps_apify,2026-08-16
"Руторг","+7 705 555 8449","https://rutorg.kz/","Оптовая продажа тканей","Алматы",KZ,45,new,google_maps_apify,2026-08-16
"Paperчили","+7 707 727 2222","","Оптовая продажа специй","Алматы",KZ,15,new,google_maps_apify,2026-08-16
"Gold Food","+7 7272 29 42 19","","Оптовый магазин окороков","Алматы",KZ,15,new,google_maps_apify,2026-08-16
"Доставка продуктов Алматы","+7 701 767 0748","","Оптовая торговля за наличный расчёт без доставки товара","Алматы",KZ,15,new,google_maps_apify,2026-08-16
"PRIME GOODS","+7 706 410 1512","https://primegoods.kz/","Оптовая торговля за наличный расчёт без доставки товара","Алматы",KZ,15,new,google_maps_apify,2026-08-16
"Магазин ""Тепличные товары""","+7 771 300 2283","https://bmax.kz/","Оптовая торговля","Алматы",KZ,15,new,google_maps_apify,2026-08-16
"Белорусские Продукты (Магазин, интернет-магазин ""Беларуская Хатка"")","+7 7272 91 10 85","http://www.belhatka.kz/","Продовольственный магазин","Алматы",KZ,30,new,google_maps_apify,2026-08-16
"ТОО ТоргСервис КЗ-5","+7 771 574 5158","","Оптовый магазин продуктов питания","Алматы",KZ,15,new,google_maps_apify,2026-08-16
"Dzungla питомник растений","+7 707 411 6898","http://dzungla.kz/","Питомник растений","Тастыбулак",KZ,15,new,google_maps_apify,2026-08-16
"Qazaq Industry Company","+7 707 500 7434","","Оптовая торговля","Алматы",KZ,15,new,google_maps_apify,2026-08-16
"Казына","","","Рынок","Алматы",KZ,45,new,google_maps_apify,2026-08-16
"Рауза-АДЕ, ТОО","+7 7272 65 78 81","http://rauza-ade.kz/","Аптека","Алматы",KZ,30,new,google_maps_apify,2026-08-16
"ЛОТТЕ Рахат магазин","+7 7272 58 47 10 ext. 590","https://www.rakhat.kz/","Кондитерский магазин","Алматы",KZ,60,new,google_maps_apify,2026-08-16
"ТОО ""Рукоделие""","+7 727 333 1818","http://www.rukodelie.kz/","Магазин пряжи","Алматы",KZ,45,new,google_maps_apify,2026-08-16
"Shtuchka Almaty","+7 701 338 8286","","Оптовый продавец одежды","Алматы",KZ,15,new,google_maps_apify,2026-08-16
"cvetyalmaty-24.kz","+7 708 254 2206","","Оптовая продажа цветов","Алматы",KZ,15,new,google_maps_apify,2026-08-16
"Морские деликатесы","+7 707 270 1240","https://instagram.com/morskiedelikatesy1?igshid=NzZlODBkYWE4Ng==","Рыбный магазин","Алматы",KZ,15,new,google_maps_apify,2026-08-16
"Детская одежда оптом в Kinderzon","+7 775 828 9330","","Оптовая торговля","Алматы",KZ,15,new,google_maps_apify,2026-08-16
"Gulliver","","","Оптовый рынок","Алматы",KZ,15,new,google_maps_apify,2026-08-16
"Аптечный Склад","+7 7272 33 56 83","","Аптека","Алматы",KZ,45,new,google_maps_apify,2026-08-16
"Кондитерская фабрика ЛОТТЕ Рахат","+7 7272 58 47 10 ext. 590","https://www.rakhat.kz/","Кондитерский магазин","Алматы",KZ,75,new,google_maps_apify,2026-08-16
"Бытовая химия оптом | OASIS-SAUDA","+7 7272 20 88 30","https://oasis-sauda.kz/catalog/bytovaya-himiya/","Оптовая торговля","Алматы",KZ,15,new,google_maps_apify,2026-08-16
"ТОО CIS MARKET","+7 727 339 7727","https://cismarket.kz/","Поставка товаров для пищевых производств","Алматы",KZ,15,new,google_maps_apify,2026-08-16
"Karabura Distribution","+7 747 126 3416","https://instagram.com/karabura_distribution_official?igshid=YmMyMTA2M2Y=","Поставщик продуктов питания","Алматы",KZ,15,new,google_maps_apify,2026-08-16
"Салон ковров Алматы Клем","+7 727 395 4607","http://www.almatykilem.kz/","Магазин товаров для дома","Алматы",KZ,15,new,google_maps_apify,2026-08-16
"Оптово розничный рынок Арлан","","https://www.instagram.com/arlanbazar?igsh=OGVkaHZmaWNha2Fz&utm_source=qr","Рынок","Алматы",KZ,15,new,google_maps_apify,2026-08-16
"TAC в Алматы","+7 707 343 4828","http://tackazakhstan.kz/","Магазин постельного белья","Алматы",KZ,15,new,google_maps_apify,2026-08-16
"DNS","+7 800 080-70-22","https://dns-shop.kz/","Магазин бытовой техники","Алматы",KZ,15,new,google_maps_apify,2026-08-16
"KULIK SYSTEM","+7 700 720 0012","https://ergokreslo.kz/","Магазин офисной мебели","Алматы",KZ,15,new,google_maps_apify,2026-08-16
"POLYWORKS","+7 727 379 6681","http://www.polyworks.kz/","Компьютерный магазин","Алматы",KZ,15,new,google_maps_apify,2026-08-16
"Картриджная компания CLA","+7 727 375 1757","https://copyline.kz/","Оптовая торговля","Алматы",KZ,15,new,google_maps_apify,2026-08-16
"Одежда Алматы","+7 707 445 0785","https://instagram.com/youcase.kz?utm_medium=copy_link","Магазин одежды","Алматы",KZ,15,new,google_maps_apify,2026-08-16
"Рынок Болашак","+7 776 077 0176","","Вещевой рынок","Алматы",KZ,90,new,google_maps_apify,2026-08-16
"Optom nizhnee belie Almaty","+7 702 185 4277","https://instagram.com/optom_nizhnee_belie_almaty?utm_medium=copy_link","Магазин нижнего белья","Алматы",KZ,15,new,google_maps_apify,2026-08-16
"Ufuk carpet","+7 747 600 5576","","Магазин ковров","Алматы",KZ,15,new,google_maps_apify,2026-08-16
"Pera by mersi","+7 775 220 5634","","Оптовый продавец одежды","Алматы",KZ,15,new,google_maps_apify,2026-08-16
"Alcomarket","+7 7272 79 56 91","","Магазин спиртных напитков","Алматы",KZ,45,new,google_maps_apify,2026-08-16
"KazakhUpack Алматы - Пластиковая упаковка под пищевые и промышленные продукты","+7 727 310 0684","https://kazakhupack.kz/","Оптовая продажа изделий из пластика","Алматы",KZ,30,new,google_maps_apify,2026-08-16
"Магазин Ракса Бар","+7 707 027 9098","","Магазин","Алматы",KZ,45,new,google_maps_apify,2026-08-16
"Канцелярские товары","+7 747 600 7409","","Оптовая торговля","Алматы",KZ,15,new,google_maps_apify,2026-08-16
"Froot","+7 707 000 3612","","Продовольственный магазин","Алматы",KZ,15,new,google_maps_apify,2026-08-16
"Магазин «Арсенал Кондитера»","+7 708 170 9007","http://www.arsenal-konditera.kz/","Товары для оформления тортов","Алматы",KZ,45,new,google_maps_apify,2026-08-16
"ТОО ""ХАТБЕР-Казахстан""","+7 727 356 5366","http://hatber.kz/","Оптовая продажа канцелярских товаров","Алматы",KZ,30,new,google_maps_apify,2026-08-16
"Белорусские продукты № 1","+7 705 739 8000","https://belostan.kz/","Колбасные изделия","Алматы",KZ,15,new,google_maps_apify,2026-08-16
"Магазин спорттоваров ABKSPORT","+7 702 101 0521","http://www.netsport.kz/","Магазин спорттоваров","Алматы",KZ,45,new,google_maps_apify,2026-08-16
"Meat Master, магазин стейков, мясных деликатесов и полуфабрикатов","+7 777 847 3535","http://meat-master.kz/","Продовольственный магазин","Алматы",KZ,15,new,google_maps_apify,2026-08-16
"Компьютерный магазин ТОО ""Пульсер""","+7 700 356 8000","http://www.pulser.kz/","Компьютерный магазин","Алматы",KZ,75,new,google_maps_apify,2026-08-16
"Дезинфицирующие средства - ТОО ""Megados""","+7 705 222 2924","http://megados.kz/","Оптовая торговля за наличный расчёт без доставки товара","Алматы",KZ,15,new,google_maps_apify,2026-08-16
"Магазин Хозяюшка","+7 701 707 5320","","Магазин товаров для дома","Алматы",KZ,45,new,google_maps_apify,2026-08-16
"Магазин зоотоваров ""ZOOMARKET""","+7 7272 93 53 87","http://zoomarket.kz/","Зоомагазин","Алматы",KZ,45,new,google_maps_apify,2026-08-16
"MIJUKI детские подгузники, трусики, памперсы, японские, все размеры подгузников в Алматы и по Казахстану. Быстрая доставка","+7 707 828 1106","https://mijuki.kz/","Многоразовые пеленки и подгузники","Алматы",KZ,15,new,google_maps_apify,2026-08-16
"Интернет магазин vsemarket Оптово розничный Фулфилмент","+7 771 563 6200","http://vsemarket.kz/","Интернет-магазин","Алматы",KZ,15,new,google_maps_apify,2026-08-16
"Интернет-магазин Aeon","+7 701 224 2725","https://aeon.kz/contacts","Оптовая торговля","Алматы",KZ,15,new,google_maps_apify,2026-08-16
"Froot.kz","+7 707 000 3612","","Продовольственный магазин","Алматы",KZ,15,new,google_maps_apify,2026-08-16
"Постельное бельё Алматы ""ALA TEXTILE""","+7 747 846 2584","https://instagram.com/ala_textile_almaty?igshid=NGVhN2U2NjQ0Yg==","Магазин постельного белья","Алматы",KZ,15,new,google_maps_apify,2026-08-16
"Greenway (Гринвей)","+7 707 233 7575","","Оптовая продажа товаров повседневного спроса","Алматы",KZ,15,new,google_maps_apify,2026-08-16
"Рыбный холодильник","","","Магазин","Алматы",KZ,15,new,google_maps_apify,2026-08-16
"Торговая компания OASIS Group Distribution Алматы | Бытовая химия, Товары для дома, Средства личной гигиены оптом","+7 7272 20 88 30","https://oasis-sauda.kz/","Оптовая продажа товаров повседневного спроса","Алматы",KZ,15,new,google_maps_apify,2026-08-16
"Аюпские Сладости","+7 771 800 0179","","Оптовая продажа кондитерских изделий","Алматы",KZ,15,new,google_maps_apify,2026-08-16
"Gulmarket","+7 775 337 7077","https://gulmarket.kz/","Доставка цветов","Алматы",KZ,15,new,google_maps_apify,2026-08-16
"ТОО ""Redline Retail""","+7 777 700 6688","https://rlr.kz/","Оптовая торговля","Алматы",KZ,15,new,google_maps_apify,2026-08-16
"ТОО «Авангард - спецодежда Казахстан» Спецодежда, Спецобувь, СИЗ.","+7 727 390 7907","https://www.avangard-sp.kz/","Магазин спецодежды","Алматы",KZ,30,new,google_maps_apify,2026-08-16
"Магазин Бул Бул","","","Супермаркет","Алматы",KZ,45,new,google_maps_apify,2026-08-16
"АлкоМаркет","+7 747 542 7017","","Оптовая продажа алкогольных напитков","Алматы",KZ,15,new,google_maps_apify,2026-08-16
"Tanauto Kazakhstan","+7 747 111 7333","http://www.tanauto.kz/","Оптовая торговля","Алматы",KZ,15,new,google_maps_apify,2026-08-16
"Arsi Group","+7 775 233 7777","http://www.arsi.kz/","Оптовая торговля","Алматы",KZ,30,new,google_maps_apify,2026-08-16
"Продать рыбу Google","+7 701 672 0051","https://fishdelicatesse.kz/","Магазин","Алматы",KZ,15,new,google_maps_apify,2026-08-16
"Kiwano","+7 700 303 3388","http://www.kiwano.kz/","Магазин косметики и парфюмерии","Алматы",KZ,30,new,google_maps_apify,2026-08-16
"Белорусские Продукты №1","","https://www.instagram.com/belorusskie_vkusnosty_almaty/","Продовольственный магазин","Алматы",KZ,15,new,google_maps_apify,2026-08-16
"Белорусские продукты № 1","+7 705 739 8000","https://belostan.kz/","Колбасные изделия","Алматы",KZ,15,new,google_maps_apify,2026-08-16
"Meteorit.kz","+7 727 339 6800","http://meteorit.kz/","Оптовая торговля","Алматы",KZ,15,new,google_maps_apify,2026-08-16
"Белорусские продукты № 1","+7 705 739 8000","https://belostan.kz/","Колбасные изделия","Алматы",KZ,15,new,google_maps_apify,2026-08-16
"TOO OTR GROUP - продажа запчастей для спецтехники","+7 701 433 9236","https://otr-group.kz/","Магазин автозапчастей","Алматы",KZ,45,new,google_maps_apify,2026-08-16
"Цветы Алматы ОРАНЖ Заказать Доставку Букетов из роз от ОРАНЖ МЕГАПАРК (Сейфуллина 410)","+7 707 820 0729","https://orange-flowers.kz/","Цветочный магазин","Алматы",KZ,15,new,google_maps_apify,2026-08-16
"Белорусские продукты № 1","+7 705 739 8000","https://belostan.kz/","Колбасные изделия","Алматы",KZ,15,new,google_maps_apify,2026-08-16
"ТОО ""Krinner Kazakhstan""","+7 7272 23 87 79","http://www.krinner.kz/","Строительная компания","Алматы",KZ,15,new,google_maps_apify,2026-08-16
"Volna","+7 775 007 0795","https://www.volna.kz/","Пивной магазин","Алматы",KZ,15,new,google_maps_apify,2026-08-16
"ТОО ARIAN IMPEX ( АРИАН ИМПЕКС ) - индийский чай","+7 701 731 2932","https://arianimpex.all.biz/?utm_source=google&utm_medium=gmb&utm_term=gmb","Оптовая торговля","Алматы",KZ,15,new,google_maps_apify,2026-08-16
"SHOK","+7 776 264 8152","http://www.dauscher.kz/","Оптовая продажа бытовой техники","Алматы",KZ,15,new,google_maps_apify,2026-08-16
"Сапар и Боря фурнитура","","","Цветочный магазин","Алматы",KZ,15,new,google_maps_apify,2026-08-16
"Канц-Тенгри, ТОО","+7 7272 20 98 58","https://kanz-tengri.kz/","Магазин канцелярских товаров","Алматы",KZ,30,new,google_maps_apify,2026-08-16
"peptidesco-asia","+7 701 608 7951","https://peptidesco-asia.kz/","Оптовая продажа лекарственных средств","Алматы",KZ,30,new,google_maps_apify,2026-08-16
"ТОО ГК Велунд Сталь Металлопрокат, Трубы, Листы, Сталь в Алматы","+7 727 312 3823","https://almaty.gkws.kz/","Поставщик металлопроката","Алматы",KZ,30,new,google_maps_apify,2026-08-16
"Volna","+7 775 007 0795","https://www.volna.kz/","Пивной магазин","Алматы",KZ,15,new,google_maps_apify,2026-08-16
"GLOBAL-KANS","+7 775 866 8701","http://www.g-k.kz/","Магазин канцелярских товаров","Алматы",KZ,15,new,google_maps_apify,2026-08-16
"Цемент, пеноплэкс | Stroymagaz Алматы","+7 777 010 5252","http://stroymagaz.kz/","Оптовая продажа строительных материалов","Алматы",KZ,15,new,google_maps_apify,2026-08-16
"ТОО Компания Интеркомсеть","+7 702 169 1174","https://intercomset.kz/","Оптовая торговля","Алматы",KZ,15,new,google_maps_apify,2026-08-16
"КОМФОРТ.KZ","+7 706 615 1088","https://smmpro.kz/","Магазин постельного белья","Алматы",KZ,15,new,google_maps_apify,2026-08-16
"И-АР-СИ Дистрибьюшн Казахстан","+7 727 338 5754","https://erc-distribution.kz/","Оптовая торговля","Алматы",KZ,15,new,google_maps_apify,2026-08-16
"Магазин спортивных товаров","+7 727 385 0090","","Магазин","Алматы",KZ,15,new,google_maps_apify,2026-08-16
"Balahi","+7 775 180 0171","http://www.balahi.kz/","Магазин игрушек","Алматы",KZ,15,new,google_maps_apify,2026-08-16
"Virgin Beauty","+7 727 333 7772","https://virgin-nail.kz/","Фирменный магазин","Алматы",KZ,45,new,google_maps_apify,2026-08-16
"G.Winner","+7 701 988 6888","https://gwinner.kz/","Оптовая торговля","Алматы",KZ,15,new,google_maps_apify,2026-08-16
"GAISSINA","+7 701 774 7772","","Магазин женской одежды","Алматы",KZ,15,new,google_maps_apify,2026-08-16
"Jamilya.flowers","+7 707 600 5066","","Цветочный магазин","Алматы",KZ,15,new,google_maps_apify,2026-08-16
"Торговый Дизайн","+7 778 870 1881","https://t-d.kz/","Оборудование для пищевой промышленности","Алматы",KZ,30,new,google_maps_apify,2026-08-16
"ИП ""Abyroi""","+7 707 233 0707","","Оптовая торговля","Алматы",KZ,15,new,google_maps_apify,2026-08-16
"ЛОТТЕ Рахат фирменный магазин №1","+7 7272 58 47 10 ext. 590","https://rakhat.kz/","Кондитерский магазин","Алматы",KZ,15,new,google_maps_apify,2026-08-16
"Интернет-магазин электроники и электротехники METOO","+7 771 993 4191","https://metoo.kz/","Интернет-магазин","Алматы",KZ,30,new,google_maps_apify,2026-08-16
"Салон итальянской мебели ""Акниет""","+7 701 789 8418","http://www.akniet.kz/","Магазин мебели","Алматы",KZ,30,new,google_maps_apify,2026-08-16
"Магазин ТОО ""SAFETY GROUPS"" Спецодежда.","+7 706 608 8944","http://www.safety-group.kz/","Магазин одежды","Алматы",KZ,15,new,google_maps_apify,2026-08-16
"Верненский Рынок","+7 708 951 4988","","Продуктовый рынок","Алматы",KZ,75,new,google_maps_apify,2026-08-16
"GLOBAL PACK KZ","+7 775 007 7713","http://grandpack.kz/","Оптовая торговля","Алматы",KZ,15,new,google_maps_apify,2026-08-16
"ТОО Актив-Снаб","+7 727 317 1306","https://aktiv-snab.all.biz/?utm_source=google&utm_medium=gmb&utm_term=gmb","Производитель","Алматы",KZ,15,new,google_maps_apify,2026-08-16
"TOO PAPIRONE","+7 701 233 9541","https://papirone.kz/","Оптовая торговля","Алматы",KZ,15,new,google_maps_apify,2026-08-16
"Сement Trade","+7 727 364 5555","http://www.cemtrade.kz/","Магазин строительных товаров","Алматы",KZ,30,new,google_maps_apify,2026-08-16
"AK Cent Microsystems","+7 727 341 0525","http://www.ak-cent.kz/","Оптовая торговля","Алматы",KZ,30,new,google_maps_apify,2026-08-16
"Бейо Тукым","+7 727 390 4072","http://www.bejo.kz/","Поставщик семян","Алматы",KZ,15,new,google_maps_apify,2026-08-16
"КоМИльфо трейд","+7 747 885 4328","https://komilfo-trade.satu.kz/","Оптовая продажа строительных материалов","Алматы",KZ,30,new,google_maps_apify,2026-08-16
"Изотех Строй ""Izoteh Stroy""","+7 702 202 6570","","Оптовая продажа строительных материалов","Алматы",KZ,15,new,google_maps_apify,2026-08-16
"Alma Chocolates - Производство брендированных шоколадных подарков","+7 707 317 3217","http://www.almachocolates.kz/","Магазин шоколада","Алматы",KZ,15,new,google_maps_apify,2026-08-16
"Электротехника","+7 7272 34 30 10","https://www.electrotechnika.kz/","Магазин электротоваров","Алматы",KZ,30,new,google_maps_apify,2026-08-16
"Caramel shop","+7 701 272 7077","https://www.instagram.com/caramelshop_almaty/?hl=ru","Магазин женской одежды","Алматы",KZ,15,new,google_maps_apify,2026-08-16
"Magnum Super","+7 727 339 7340","https://magnum.kz/","Супермаркет","Алматы",KZ,30,new,google_maps_apify,2026-08-16
"Ветеринарная Аптека ТОО "" NurTradeCompany ""","+7 775 597 4287","https://too-nurtradecompany.satu.kz/","Ветеринарная аптека","Алматы",KZ,45,new,google_maps_apify,2026-08-16
"Рауза-АДЕ сеть аптечных складов","","http://rauza-ade.kz/","Аптека","Алматы",KZ,15,new,google_maps_apify,2026-08-16
"glo","+7 800 080-10-80 ext. 5757","https://myglo.kz/","Поставщик табака","Алматы",KZ,15,new,google_maps_apify,2026-08-16
"Центр Цветов Romantic","+7 708 880 7777","https://www.instagram.com/almaty_romantic/","Цветочный магазин","Алматы",KZ,15,new,google_maps_apify,2026-08-16
"Плитняк с доставкой по Казахстану","+7 777 153 3335","https://www.camen.kz/","Поставщик камня","Алматы",KZ,15,new,google_maps_apify,2026-08-16
"Магазин автозапчастей на Тойота и Лексус - LETO","+7 707 310 0013","http://www.leto.kz/","Магазин автозапчастей","Алматы",KZ,45,new,google_maps_apify,2026-08-16
"Şynaiy brand","+7 777 130 2360","https://instagram.com/synaiy.brand?utm_medium=copy_link","Швейное ателье","Алматы",KZ,15,new,google_maps_apify,2026-08-16
"Protool.kz","+7 7272 20 77 67","https://protool.kz/","Магазин строительных товаров","Алматы",KZ,30,new,google_maps_apify,2026-08-16
"Tvoya Krasa - магазин проф. косметики","+7 705 898 8494","","Оптовая продажа косметики","Алматы",KZ,15,new,google_maps_apify,2026-08-16
"u4u company","+7 777 215 4246","","Оптовая продажа электроники","Алматы",KZ,15,new,google_maps_apify,2026-08-16
"Зоомагазин ""Любимцы"" на Гоголя","+7 707 909 6121","https://lubimci.kz/","Зоомагазин","Алматы",KZ,30,new,google_maps_apify,2026-08-16
"Часовой Центр Перспектива","+7 700 090 9067","https://perspectiva.kz/","Ломбард","Алматы",KZ,15,new,google_maps_apify,2026-08-16
"GARDASHLAR","","https://instagram.com/gardashlar.kz?igshid=YmMyMTA2M2Y=","Обувной магазин","Алматы",KZ,15,new,google_maps_apify,2026-08-16
"Silver Wings ""Серебряные Крылья""","+7 707 288 5556","https://silver-wings.ru/","Оптовая торговля за наличный расчёт без доставки товара","Алматы",KZ,15,new,google_maps_apify,2026-08-16
"AR-KA-TRUCK","+7 777 587 3000","","Оптовая продажа автомобильных принадлежностей","Алматы",KZ,15,new,google_maps_apify,2026-08-16
"Спецодежда","+7 708 972 7636","https://too-bisoft.com/","Магазин спецодежды","Алматы",KZ,15,new,google_maps_apify,2026-08-16
"ТОО Техцентр","+7 7272 73 11 79","http://www.techcentre.kz/","Поставщик офисного оборудования","Алматы",KZ,30,new,google_maps_apify,2026-08-16
"Q4 Tulpar Auto","+7 747 095 2581","","Автосалон","Алматы",KZ,30,new,google_maps_apify,2026-08-16
"TOO Kaz Poliv ( Каз Полив )","+7 705 111 5862","","Оптовая торговля","Алматы",KZ,15,new,google_maps_apify,2026-08-16
"Asaý Júrek","+7 771 466 1465","https://www.instagram.com/asayjurek/","Секонд-хенд","Алматы",KZ,15,new,google_maps_apify,2026-08-16
"abdi","+7 701 351 8488","https://abdi.kz/","Магазин канцелярских товаров","Алматы",KZ,30,new,google_maps_apify,2026-08-16
"Серкебаева Айгуль официальный дистрибьютер CORAL CLUB","+7 707 137 3376","https://coral.club/7423953.html","Консультант по здоровью","Алматы",KZ,15,new,google_maps_apify,2026-08-16
"Abumi","+7 775 828 6653","https://abumi.kz/","Оптовая продажа бытовой техники","Алматы",KZ,15,new,google_maps_apify,2026-08-16
"Plants Company озеленение питомник растений автополив Алматы","+7 702 464 8038","http://plants.kz/","Питомник растений","Алматы",KZ,15,new,google_maps_apify,2026-08-16
"Алмаросметиз (Сетка рабица в Алматы)","+7 727 339 7780","https://setka.kz/","Компания – изготовитель стальных конструкций","Алматы",KZ,30,new,google_maps_apify,2026-08-16
"ИП Arsenoil","+7 777 374 4424","","Магазин автозапчастей","Алматы",KZ,15,new,google_maps_apify,2026-08-16
"Планета Сириус спецодежда","+7 707 666 1715","https://sirius-asker.kz/","Оптовая торговля","Алматы",KZ,15,new,google_maps_apify,2026-08-16
"Obuv_vnalichii","+7 747 194 0535","http://instagram.com/obuv_vnalichii","Обувной магазин","Алматы",KZ,45,new,google_maps_apify,2026-08-16
"Белорусские продукты № 1","+7 705 739 8000","https://belostan.kz/","Колбасные изделия","Алматы",KZ,15,new,google_maps_apify,2026-08-16
"Алмата Инструмент","+7 701 186 4949","https://tools.kz/","Магазин инструмента","Алматы",KZ,15,new,google_maps_apify,2026-08-16
"Интернет-магазин техники IT SKLAD","+7 727 346 9144","https://www.itsklad.kz/","Магазин электроники","Алматы",KZ,15,new,google_maps_apify,2026-08-16
"Компания Ас-Ай","+7 775 007 0934","http://asay.kz/","Продажа грузовых автомобилей","Алматы",KZ,45,new,google_maps_apify,2026-08-16
"Perfect-tyre","+7 707 760 5050","","Магазин шин и дисков","Алматы",KZ,30,new,google_maps_apify,2026-08-16
"Запчасти Камаз|Китайские шины для грузовых авто|Шины на фуру|Шины на грузовые авто оптом|Резина на тягач,на прицеп","+7 777 252 9198","http://www.gl-auto.kz/","Оптовая продажа автомобильных принадлежностей","Алматы",KZ,15,new,google_maps_apify,2026-08-16
"Алматинский продукт","+7 7272 29 89 85","","Кондитерский магазин","Алматы",KZ,15,new,google_maps_apify,2026-08-16
"Металл Профиль","+7 7272 37 70 07","https://almaty.metallprofil.kz/?utm_source=google&utm_medium=maps","Магазин кровельных материалов","Алматы",KZ,30,new,google_maps_apify,2026-08-16
"Купить Керамогранит, Ламинат, Гранит, Алюминиевый профиль, Кронштейн, Купить в Алматы ""Алатекс""","+7 700 442 2888","https://stroy-shop.kz/","Строительный магазин","Алматы",KZ,15,new,google_maps_apify,2026-08-16
"LETO — сеть магазинов автозапчастей Тойота и Лексус","+7 707 310 6425","http://leto.kz/","Магазин автозапчастей","Алматы",KZ,30,new,google_maps_apify,2026-08-16
"Akbalmaty - аккумуляторы в Алматы","+7 747 299 9000","https://akbalmaty.kz/","Магазин батарей и аккумуляторов","Алматы",KZ,15,new,google_maps_apify,2026-08-16
"ТОО ""DELS""","+7 777 297 8014","https://dels.kz/","Поставщик офисного оборудования","Алматы",KZ,15,new,google_maps_apify,2026-08-16
"ПерилаГлавСнаб - Казахстан","+7 727 312 3293","https://perilaglavsnab.kz/","Магазин материалов для строительства ограждений","Алматы",KZ,15,new,google_maps_apify,2026-08-16
"BALTAU","+7 701 982 3853","https://baltau.kz/","Оптовая торговля","Алматы",KZ,15,new,google_maps_apify,2026-08-16
"REVER home decor","+7 708 171 8407","https://rever.kz/","Магазин сувениров","Алматы",KZ,15,new,google_maps_apify,2026-08-16
"ВИНТ моноблоки, корпуса, блоки питания","+7 705 577 6410","https://wint.kz/","Компьютерный магазин","Алматы",KZ,15,new,google_maps_apify,2026-08-16
"RINO","+7 707 317 0070","https://rino.kz/","Компьютерный магазин","Алматы",KZ,30,new,google_maps_apify,2026-08-16
"Renault Официальный дилер (Алматы Суюнбая)","+7 708 941 0882","http://aster-renault.kz/","Автосалон","Алматы",KZ,60,new,google_maps_apify,2026-08-16
"AEC Kazakhstan | Almaty electro consult","+7 707 527 2010","https://aecsolutions.kz/","Поставщик электрооборудования","Алматы",KZ,15,new,google_maps_apify,2026-08-16
"Julius Meinl","+7 771 709 2007","","Поставщик кофемашин","Алматы",KZ,15,new,google_maps_apify,2026-08-16
"LEDA TRUCK","+7 747 220 2324","http://leda-truck.kz/","Магазин автозапчастей","Алматы",KZ,15,new,google_maps_apify,2026-08-16
"MARTEN LP","+7 727 383 0991","http://marten.kz/","Оптовая продажа компьютерной техники","Алматы",KZ,15,new,google_maps_apify,2026-08-16
"Cosmic Garden Coffee™","+7 706 601 1774","https://cosmicgardencoffee.kz/","Кофейная ростерия","Алматы",KZ,15,new,google_maps_apify,2026-08-16
"TOO Baraholka-Express.kz","+7 700 050 4242","https://baraholka-express.kz/","Оптовая торговля","Алматы",KZ,15,new,google_maps_apify,2026-08-16
"""TRADE CK""","+7 7272 20 72 35","","Строительный магазин","Алматы",KZ,30,new,google_maps_apify,2026-08-16
"Склад Мебели","+7 775 700 8255","https://wa.me/77757008255","Магазин мебели","Алматы",KZ,15,new,google_maps_apify,2026-08-16
"Интернет-магазин швейной фурнитуры и товаров для рукоделия MK-STYLE","+7 778 618 2332","https://mk-style.kz/","Магазин товаров для рукоделия","Алматы",KZ,15,new,google_maps_apify,2026-08-16
"Продукты Питания","+7 707 120 0645","http://foods.satu.kz/","Оптовая торговля сельскохозяйственной продукцией","Алматы",KZ,15,new,google_maps_apify,2026-08-16
"Склад дверей в Алматы (Мдвери)","+7 705 333 7279","http://skladdverey.kz/","Склад дверей","Алматы",KZ,15,new,google_maps_apify,2026-08-16
"Текемет магазин Ковров","+7 778 376 5195","https://www.instagram.com/tekemet.kovry/","Текстильная фабрика","Алматы",KZ,15,new,google_maps_apify,2026-08-16
"Швейная фурнитура","+7 702 684 7711","http://instagram.com/sfo_almaty","Оптовая продажа нитей и пряжи","Алматы",KZ,15,new,google_maps_apify,2026-08-16
"Грузовые шины, Шины для спецтехники Алматы - Vartech","+7 771 990 2782","http://vartech.kz/","Оптовая торговля","Алматы",KZ,30,new,google_maps_apify,2026-08-16
"Белорусские продукты № 1","+7 705 739 8000","https://belostan.kz/","Колбасные изделия","Алматы",KZ,15,new,google_maps_apify,2026-08-16
"Adenna Trade ТОО","+7 747 154 5359","http://mirkosmetiki.kz/","Магазин косметики и парфюмерии","Алматы",KZ,15,new,google_maps_apify,2026-08-16
"ТОО МАКМАРТ АЛАТАУ","+7 702 206 9475","http://makmart.com/","Оптовая продажа мебели","Алматы",KZ,15,new,google_maps_apify,2026-08-16
"Nikamart","","","Торговый центр","Алматы",KZ,15,new,google_maps_apify,2026-08-16
"Издательство «Жазушы»","+7 707 620 0087","https://zhazushy.kz/","Книгоиздательство","Алматы",KZ,15,new,google_maps_apify,2026-08-16
"Myboo - Детская одежда","+7 775 147 6709","","Магазин","Алматы",KZ,15,new,google_maps_apify,2026-08-16
"Хвойные деревья Питомник ""Коксу""","+7 701 785 5636","","Ёлочный питомник","Алматы",KZ,15,new,google_maps_apify,2026-08-16
"Офис ""Чайная лавка"" ""Фирма Экзотик""","+7 707 771 6604","http://exotik-tea.kz/","Оптовая продажа чая","Алматы",KZ,15,new,google_maps_apify,2026-08-16
"Kobaz","+7 701 914 8425","http://kobaz.kz/","Производитель","Алматы",KZ,15,new,google_maps_apify,2026-08-16
"Швейный цех","+7 701 457 1482","","Швейный цех","Алматы",KZ,15,new,google_maps_apify,2026-08-16
"NMK Market","+7 747 598 2605","","Оптовая торговля","Алматы",KZ,15,new,google_maps_apify,2026-08-16
"ТОО KingFisher","+7 708 500 0090","http://www.kingfisher.kz/","Рыбный магазин","Алматы",KZ,60,new,google_maps_apify,2026-08-16
"Белорусские продукты № 1","+7 705 739 8000","https://belostan.kz/","Колбасные изделия","Алматы",KZ,15,new,google_maps_apify,2026-08-16
"️OPTOVIC.KZ продажа и поставка оборудования, инструментов, станков, подъемного оборудования снабжение.","+7 771 989 1856","https://optovic.kz/","Магазин инструмента","Алматы",KZ,15,new,google_maps_apify,2026-08-16
"СТОМАТОЛОГИЧЕСКИЕ ИНСТРУМЕНТЫ И МАТЕРИАЛЫ - стоматологический магазин ""СТОМир""","+7 707 288 7333","https://stomir.kz/","Всё для стоматологии","Алматы",KZ,15,new,google_maps_apify,2026-08-16
"Ювелирная Компания Арт","+7 708 182 5271","https://goldart.kz/","Оптовая продажа ювелирных изделий","Алматы",KZ,15,new,google_maps_apify,2026-08-16
"ТОО ""МЕГАСЕРВЕР""","+7 705 183 3996","https://mega-server.kz/","Оптовая продажа компьютерной техники","Алматы",KZ,15,new,google_maps_apify,2026-08-16
"Сантехника в Алматы","+7 727 317 8540","","Магазин","Алматы",KZ,15,new,google_maps_apify,2026-08-16
"Посуда Мечта Повара","+7 707 221 2228","https://mechta-povara.satu.kz/","Магазин посуды из стекла","Алматы",KZ,15,new,google_maps_apify,2026-08-16
"ТОО ""Торговый дом Ecoluffa""","+7 7272 33 65 39","http://ecoluffa.kz/","Оптовая продажа тканей","Алматы",KZ,15,new,google_maps_apify,2026-08-16
"Новый Ялян Торговый Центр","+7 705 344 8595","https://www.instagram.com/yalyan.kz/","Торговый центр","Алматы",KZ,75,new,google_maps_apify,2026-08-16
"Henry BONNAR","+7 747 094 9999","https://henrybonnar.com/","Цветочный магазин","Алматы",KZ,60,new,google_maps_apify,2026-08-16
"opttoyschina","+7 700 047 9530","https://opttoyschina.com/","Магазин игрушек","Алматы",KZ,15,new,google_maps_apify,2026-08-16
"AyA by DK Kazakhstan","+7 700 500 0673","http://ayabydk.com/","Оптовый продавец одежды","Алматы",KZ,15,new,google_maps_apify,2026-08-16
"Торговый Дом ТИС","","https://th-tic.com/","Оптовая торговля за наличный расчёт без доставки товара","Алматы",KZ,15,new,google_maps_apify,2026-08-16
"Белорусские продукты № 1","+7 705 739 8000","https://belostan.kz/","Колбасные изделия","Алматы",KZ,15,new,google_maps_apify,2026-08-16
"FishDream на Кабанбай Батыра 135","+7 707 357 7771","","Рыбный магазин","Алматы",KZ,15,new,google_maps_apify,2026-08-16
"Цветочный магазин ОРАНЖ Алматы Цветы Алматы Заказать Доставку Букетов из роз","+7 707 820 0729","https://orange-flowers.kz/","Цветочный магазин","Алматы",KZ,15,new,google_maps_apify,2026-08-16
"Белорусские продукты № 1","+7 705 739 8000","https://belostan.kz/","Колбасные изделия","Алматы",KZ,15,new,google_maps_apify,2026-08-16
"DELTA CHIP","+7 707 261 0303","https://deltachip.kz/","Магазин электроники","Алматы",KZ,45,new,google_maps_apify,2026-08-16
"glo","+7 800 080-10-80 ext. 5757","https://myglo.kz/","Поставщик табака","Алматы",KZ,30,new,google_maps_apify,2026-08-16
"Гаухар","+7 775 744 4491","","Поставщик продуктов питания","Алматы",KZ,15,new,google_maps_apify,2026-08-16
"Euro Flowers","+7 727 387 0318","","Цветочный магазин","Алматы",KZ,15,new,google_maps_apify,2026-08-16
"ANGIOLINI","+7 701 801 7755","http://www.angiolini.kz/","Магазин верхней одежды","Алматы",KZ,15,new,google_maps_apify,2026-08-16
"La Casa Del Habano Официальный дистрибьютор настоящих Кубинских сигар","+7 727 328 4702","","Магазин сигар","Алматы",KZ,30,new,google_maps_apify,2026-08-16
"Компания Euroelectric Kazakhstan","+7 701 419 0895","http://euroelectric.kz/","Оптовая продажа электрооборудования","Алматы",KZ,15,new,google_maps_apify,2026-08-16
"Ритц Палас","+7 727 332 2724","https://ritz-palace.kz/","Торговый центр","Алматы",KZ,75,new,google_maps_apify,2026-08-16
"OK Silver кольца, браслеты, серебро, серьги, пирсинг, бусы, амулет, сережки, кулоны, бижутерия, ювелирные украшения, ожерелья","+7 707 745 5514","https://www.instagram.com/ok.silver.kz/","Ювелирный магазин","Алматы",KZ,15,new,google_maps_apify,2026-08-16
"Accio Store - Магазин Кофемашин и Кофе в Казахстане","+7 778 133 4400","https://acciostore.kz/?utm_source=google_maps&utm_medium=maps","Магазин кофе","Алматы",KZ,15,new,google_maps_apify,2026-08-16
"Zemfish","+7 727 395 8503","","Рыбный магазин","Алматы",KZ,15,new,google_maps_apify,2026-08-16
"Velik.kz магазин ведосипедов, прокат велосипедов, сервис","+7 707 296 0777","http://velik.kz/","Веломагазин","Алматы",KZ,45,new,google_maps_apify,2026-08-16
"Bezgluten","+7 701 747 9384","https://xn--90aefbizp2b9g.kz/","Оптовая торговля","Алматы",KZ,15,new,google_maps_apify,2026-08-16
"Интернет магазин косметики VIPSTORE","+7 727 327 2828","","Магазин косметики и парфюмерии","Алматы",KZ,15,new,google_maps_apify,2026-08-16
"Оранж","+7 707 820 0729","https://orange-flowers.kz/","Цветочный магазин","Алматы",KZ,15,new,google_maps_apify,2026-08-16
"Flowers-company","+7 747 870 2471","","Цветочный магазин","Алматы",KZ,15,new,google_maps_apify,2026-08-16
"Froot","+7 707 000 3612","","Продовольственный магазин","Алматы",KZ,15,new,google_maps_apify,2026-08-16
"Volna","+7 775 007 0795","https://www.volna.kz/","Пивной магазин","Алматы",KZ,15,new,google_maps_apify,2026-08-16
"Купить запчасти для бытовой техники | Maestro extra интернет-магазин","+7 777 390 0252","https://maestro.cts.kz/","Поставщик запчастей для бытовой техники","Алматы",KZ,30,new,google_maps_apify,2026-08-16
"ТОО Мастер Инк ""Service""","+7 7272 72 22 52","http://www.shop-masterinc.kz/","Магазин канцелярских товаров","Алматы",KZ,15,new,google_maps_apify,2026-08-16
"Цветочник - цветы в Алматы заказать с доставкой","+7 747 094 8083","https://cvetochnik.kz/","Цветочный магазин","Алматы",KZ,15,new,google_maps_apify,2026-08-16
"Идеальный Дом","+7 727 378 4820","https://almatymebel.kz/","Магазин мебели","Алматы",KZ,15,new,google_maps_apify,2026-08-16
"Lumen.kz | Светодиодные фонари, батарейки и аксессуары","+7 777 122 3535","https://lumen.kz/","Оптовая торговля","Алматы",KZ,15,new,google_maps_apify,2026-08-16
"ST Networks","+7 727 333 0999","http://www.stn.kz/","Оптовая торговля","Алматы",KZ,15,new,google_maps_apify,2026-08-16
"Магазин лучших цен","+7 727 329 5033","","Оптовая продажа керамики","Алматы",KZ,15,new,google_maps_apify,2026-08-16
"Мастер ИНК «Lomond»","+7 7272 67 40 79","http://www.lomond.kz/","Магазин канцелярских товаров","Алматы",KZ,15,new,google_maps_apify,2026-08-16
"Мастерская Подарков Lime Cube","+7 705 729 7744","https://limecube.kz/","Магазин поздравительных открыток","Алматы",KZ,15,new,google_maps_apify,2026-08-16
"ТОО РЦЭО","+7 727 971 0605","https://rceo.kz/","Магазин электротоваров","Алматы",KZ,15,new,google_maps_apify,2026-08-16
"Сигареты, табак, аксессуары","+7 7272 61 06 01","http://www.tabak-vostoka.kz/","Торговец табачными изделиями","Алматы",KZ,15,new,google_maps_apify,2026-08-16
"Smartcase.kz","+7 778 641 3011","https://smartcase.kz/","Магазин электроники","Алматы",KZ,30,new,google_maps_apify,2026-08-16
"ТОО Фаиз","+7 700 426 0378","https://faizkz.all.biz/?utm_source=google&utm_medium=gmb&utm_term=gmb","Магазин медицинского оборудования","Алматы",KZ,15,new,google_maps_apify,2026-08-16
"SAYAT","+7 777 743 9595","","Объект культурного наследия","Алматы",KZ,15,new,google_maps_apify,2026-08-16
"Beautyprof","+7 727 346 8696","https://beautyprof.kz/","Магазин товаров для парикмахерских","Алматы",KZ,15,new,google_maps_apify,2026-08-16
"Мир Керамики","+7 775 007 4434","https://mirceramiki.kz/?utm_source=google&utm_medium=organic&utm_campaign=google_business&utm_content=profile&utm_term=maps","Магазин керамической плитки","Алматы",KZ,15,new,google_maps_apify,2026-08-16
"Sayat","+7 777 010 5252","","Строительный магазин","Алматы",KZ,15,new,google_maps_apify,2026-08-16
"Line","+7 7272 67 11 77","http://www.line-ltd.kz/","Магазин осветительных приборов","Алматы",KZ,15,new,google_maps_apify,2026-08-16
"Чемоданы Алматы ""Chemodany_Bags_kz""","+7 701 905 1841","http://instagram.com/chemodani_bags_kz","Оптовая продажа багажа","Алматы",KZ,15,new,google_maps_apify,2026-08-16
"brosh","+7 727 317 7576","","Ювелирный магазин","Алматы",KZ,15,new,google_maps_apify,2026-08-16
"Treagra Safety","+7 727 339 2537","http://www.treagra.kz/","Поставщик спецодежды и средств защиты","Алматы",KZ,15,new,google_maps_apify,2026-08-16
"Luxury Stone - Мрамор, Гранит, Оникс, Травертин в Алматы","+7 777 010 4545","https://luxurystone.kz/","Поставщик мрамора","Алматы",KZ,15,new,google_maps_apify,2026-08-16
"ЗооМагия","+7 775 222 2829","https://zoomagiya.kz/","Зоомагазин","Алматы",KZ,15,new,google_maps_apify,2026-08-16
"ТОО ""DPB New Brands""","+7 727 311 5200","http://www.new-brands.kz/","Офис компании","Алматы",KZ,15,new,google_maps_apify,2026-08-16
"СПА оборудование и мебель для салонов красоты в Алматы (Казахстане)","+7 727 350 5280","","Салон красоты","Алматы",KZ,15,new,google_maps_apify,2026-08-16
"HappyCake","+7 707 777 1144","https://happycake.kz/almaty","Кондитерская","Алматы",KZ,30,new,google_maps_apify,2026-08-16
"AplTech.kz (Интернет магазин компьютерной техники)","+7 702 008 0048","https://www.apltech.kz/","Интернет-магазин","Алматы",KZ,45,new,google_maps_apify,2026-08-16
"Wamiles Kazakhstan","+7 727 312 2866","https://wamiles.kz/","Магазин косметики и парфюмерии","Алматы",KZ,15,new,google_maps_apify,2026-08-16
"Доставка тортов Алматы","+7 777 571 7858","","Магазин тортов","Алматы",KZ,15,new,google_maps_apify,2026-08-16
"Сапожки-Ботиночки","+7 727 357 2563","","Обувной магазин","Алматы",KZ,15,new,google_maps_apify,2026-08-16
"Dan King LLP","+7 7272 50 11 40","https://danking.kz/","Оптовая продажа кофе","Алматы",KZ,15,new,google_maps_apify,2026-08-16
"ШНАПСЕР","+7 747 883 7670","http://www.schnapser.kz/","Оптовая продажа товаров повседневного спроса","Алматы",KZ,15,new,google_maps_apify,2026-08-16
"SMARTSERVICE.KZ – центр сборки и продажи компьютеров","+7 708 277 7564","https://smartservice.kz/","Оптовая продажа компьютерной техники","Алматы",KZ,15,new,google_maps_apify,2026-08-16
"Forward L","+7 775 116 6818","https://www.forwardl.com/","Оптовая продажа компьютерной техники","Алматы",KZ,15,new,google_maps_apify,2026-08-16
"Уничтожители бумаг","+7 727 354 3553","https://www.shreder.kz/shop-1/%D0%A3%D0%BD%D0%B8%D1%87%D1%82%D0%BE%D0%B6%D0%B8%D1%82%D0%B5%D0%BB%D1%8C-%D0%B4%D0%BE%D0%BA%D1%83%D0%BC%D0%B5%D0%BD%D1%82%D0%BE%D0%B2-%D0%A8%D1%80%D0%B5%D0%B4%D0%B5%D1%80-office-kit-sa152-4%D1%8512-%D1%81-%D0%B0%D0%B2%D1%82%D0%BE%D0%BF%D0%BE%D0%B4%D0%B0%D1%87%D0%B5%D0%B9","Поставщик офисного оборудования","Алматы",KZ,15,new,google_maps_apify,2026-08-16
"Korealine.kz","+7 707 784 3388","http://korealine.kz/","Торговый центр","Алматы",KZ,15,new,google_maps_apify,2026-08-16
"ОптоМаркет","+7 700 710 1101","","Оптовая торговля","Алматы",KZ,15,new,google_maps_apify,2026-08-16
"KoreanStyle Cos","+7 705 196 3553","","Оптовая продажа косметики","Алматы",KZ,15,new,google_maps_apify,2026-08-16
"Ковры Алматы","+7 701 486 0302","","Магазин товаров для дома","Алматы",KZ,30,new,google_maps_apify,2026-08-16
"Авторынок Жибек Жолы","+7 702 600 5001","","Рынок автозапчастей","Алматы",KZ,90,new,google_maps_apify,2026-08-16
"Белорусские продукты № 1","+7 705 739 8000","https://belostan.kz/","Колбасные изделия","Алматы",KZ,15,new,google_maps_apify,2026-08-16
"женская одежда","","","Оптовый продавец одежды","Алматы",KZ,15,new,google_maps_apify,2026-08-16
"Группа Компаний ""Alina""","+7 701 218 8380","http://alina.kz/","Производитель","Алматы",KZ,15,new,google_maps_apify,2026-08-16
"Айс Фуд Азия, ТОО","+7 777 210 9221","https://icefoodasia.all.biz/?utm_source=google&utm_medium=gmb&utm_term=gmb","Консервный завод","Алматы",KZ,15,new,google_maps_apify,2026-08-16
"Прайм Тулс - инструмент и оборудование для СТО","+7 747 095 1121","https://prime-tools.kz/","Магазин инструмента","бутик",KZ,30,new,google_maps_apify,2026-08-16
"KazTen","+7 771 789 7107","http://www.kazten.kz/","Оптовая торговля","Алматы",KZ,15,new,google_maps_apify,2026-08-16
"IRON-LION.KZ","+7 708 983 5083","https://iron-lion.kz/","Оптовая торговля","Алматы",KZ,15,new,google_maps_apify,2026-08-16
"""Alladin Flor Decor"" оформление витрин, продажа искусственных цветов","+7 701 074 9999","","Цветочный магазин","Алматы",KZ,15,new,google_maps_apify,2026-08-16
"РАХАТ фирменный Магазин № 3","","http://www.rakhat.kz/","Кондитерский магазин","Алматы",KZ,30,new,google_maps_apify,2026-08-16
"Производственно Полиграфический. Комбинат ""Парус""","+7 7272 26 82 30","http://www.parus-almaty.kz/","Офис компании","Алматы",KZ,30,new,google_maps_apify,2026-08-16
"TPG KAZAKHSTAN","+7 775 000 1010","","Оптовая продажа бытовой техники","Алматы",KZ,15,new,google_maps_apify,2026-08-16
"Автотрейд","+7 727 345 1080","https://autotrade.kz/","Магазин автозапчастей","Алматы",KZ,75,new,google_maps_apify,2026-08-16
"Ткани для спецодежды","","http://bespokela.kz/","Оптовая продажа тканей","Алматы",KZ,15,new,google_maps_apify,2026-08-16
"Soyuz Aidar Trade - Сеть мебельных магазинов","+7 705 544 7576","http://www.aidarmebel.kz/","Оптовая продажа мебели","Алматы",KZ,15,new,google_maps_apify,2026-08-16
"Vaibiz","+7 702 570 1806","https://vaibiz.kz/","Оптовая торговля","Алматы",KZ,15,new,google_maps_apify,2026-08-16
"Konvert24.kz","+7 708 973 7537","http://www.konvert24.kz/","Оптовая продажа канцелярских товаров","Алматы",KZ,15,new,google_maps_apify,2026-08-16
"ТОО Almaty Spices","+7 7272 43 72 19","https://www.almatyspices.kz/","Поставщик продуктов питания","Алматы",KZ,15,new,google_maps_apify,2026-08-16
"Интернет магазин Меланж","+7 747 299 9499","http://melanj.kz/","Магазин товаров для рукоделия","Алматы",KZ,15,new,google_maps_apify,2026-08-16
"NVO 21 торгово-производственная компания","+7 7272 47 86 15","http://nvo21.kz/","Оптовая торговля","Алматы",KZ,30,new,google_maps_apify,2026-08-16
"ТОО ""NEKAR FOODS”","+7 727 364 5429","https://nekar.kz/","Оборудование для пекарен","Алматы",KZ,15,new,google_maps_apify,2026-08-16
"Белорусские колбасы ""BELARUSKI""","+7 707 210 6421","","Продовольственный магазин","Алматы",KZ,15,new,google_maps_apify,2026-08-16
"Miracle Origianal","+7 777 760 5703","","Оптовая продажа посуды из стекла","Алматы",KZ,15,new,google_maps_apify,2026-08-16
"Тастак Строительный рынок","+7 775 503 8231","","Рынок","Алматы",KZ,60,new,google_maps_apify,2026-08-16
"Optimus KZ, ​магазин красок, строительной химии и малярного инструмента","+7 775 007 1192","https://optimus-kz.com/","Оптовая продажа строительных материалов","Алматы",KZ,15,new,google_maps_apify,2026-08-16
"ТЦ Байсат","+7 7272 45 05 55","","Торговый центр","Алматы",KZ,90,new,google_maps_apify,2026-08-16
"Детская одежда из Южной Кореи","","http://bebe.kz/","Оптовая торговля","Алматы",KZ,15,new,google_maps_apify,2026-08-16
"CENTERPOL","+7 708 162 1585","https://www.centerpol.kz/","Магазин напольных покрытий","Алматы",KZ,15,new,google_maps_apify,2026-08-16
"Фермерский Рынок","","","Фермерский рынок","Алматы",KZ,15,new,google_maps_apify,2026-08-16
"Medical&Pharma Service","+7 700 022 2212","https://med-pharm.kz/","Фармацевтическая компания","Алматы",KZ,15,new,google_maps_apify,2026-08-16
"EFFLER PHARMA","+7 701 778 9063","https://effler.kz/about_us","Магазин","Алматы",KZ,15,new,google_maps_apify,2026-08-16
"Рынок ""Береке""","+7 7272 53 78 39","","Рынок","Алматы",KZ,75,new,google_maps_apify,2026-08-16
"Myakish","+7 707 361 2731","https://myakish.com/","Оптовая продажа мебели","Алматы",KZ,15,new,google_maps_apify,2026-08-16
"TELLER","+7 701 110 2218","http://teller.kz/","Оптовая торговля","Алматы",KZ,15,new,google_maps_apify,2026-08-16
"Белорусские продукты № 1","+7 705 739 8000","https://belostan.kz/","Колбасные изделия","Алматы",KZ,15,new,google_maps_apify,2026-08-16
"Центр Спортивного Питания","+7 727 317 3080","http://www.sportcenter.kz/","Магазин витаминов и пищевых добавок","Алматы",KZ,45,new,google_maps_apify,2026-08-16
"Tiande-натуральная косметика","+7 778 911 0005","http://chinamed.com.kz/","Оптовая продажа косметики","Алматы",KZ,15,new,google_maps_apify,2026-08-16
"ТОО Чорап","+7 7272 33 23 14","https://bazsocks.com/ru/home-ru/","Магазин","Алматы",KZ,15,new,google_maps_apify,2026-08-16
"Швейный цех по пошиву одежды в Казахстане","+7 700 267 0239","https://poshiv.kz/","Оптовый продавец одежды","Алматы",KZ,15,new,google_maps_apify,2026-08-16
"Tatte","+7 727 345 3452","https://tatte.kz/?utm_source=maps&utm_medium=maps&utm_campaign=maps","Оптовая продажа кофе","Алматы",KZ,15,new,google_maps_apify,2026-08-16
"Казевротрейд","","","Склад","Алматы",KZ,15,new,google_maps_apify,2026-08-16
"AKEMI KAZAKHSTAN","+7 707 792 2020","","Оптовая торговля","Алматы",KZ,15,new,google_maps_apify,2026-08-16
"Шинный центр UNITYRE (Юнитайр)","+7 7272 41 19 86","https://www.unityre.kz/","Магазин шин и дисков","Алматы",KZ,45,new,google_maps_apify,2026-08-16
"Relax Mode","+7 727 385 9751","http://relax-mode.kz/","Магазин одежды","Алматы",KZ,15,new,google_maps_apify,2026-08-16
"БЕЛЬЕ ОПТОМ","+7 777 320 2626","","Магазин","Алматы",KZ,15,new,google_maps_apify,2026-08-16
"Петрокоммерц Казахстан","+7 7272 50 85 98","https://petrocommerce.kz/nashi-kontakty-4/","Оптовая торговля","Алматы",KZ,15,new,google_maps_apify,2026-08-16
"Рауза-АДЕ, ТОО","+7 7272 79 34 75","https://rauza-ade.kz/","Аптека","Алматы",KZ,30,new,google_maps_apify,2026-08-16
"Гипермаркет шин ecar.kz","+7 727 313 1633","https://ecar.kz/","Магазин шин","Алматы",KZ,45,new,google_maps_apify,2026-08-16
"ТОО ""ШИНМАРТ KZ""","+7 771 406 0616","","Магазин шин и дисков","Алматы",KZ,30,new,google_maps_apify,2026-08-16
"ТОО ""МСКА""","+7 771 171 0808","https://b2b-market.kz/","Оптовая продажа компьютерной техники","Алматы",KZ,15,new,google_maps_apify,2026-08-16
"Агенство коммерческой недвижимости, управляющая компания","+7 707 831 4412","https://realestate-rent.com/","Магазин спецодежды","Алматы",KZ,15,new,google_maps_apify,2026-08-16
"ТОО Фирма Триада+","+7 7272 24 01 50","https://triadeplus.kz/contacts","Оптовая торговля","Алматы",KZ,15,new,google_maps_apify,2026-08-16
"ТОО ""Бумага и Картон ltd""","+7 7272 25 50 50","http://bymagaikarton.kz/","Поставщик бумажной продукции","Алматы",KZ,15,new,google_maps_apify,2026-08-16
"Торты на заказ Алматы - Дом десертов «MUS-MUS»","+7 778 870 0067","https://mus-mus.kz/","Кондитерская","Алматы",KZ,30,new,google_maps_apify,2026-08-16
"HappyCake","+7 707 777 1144","https://happycake.kz/almaty","Кондитерская","Алматы",KZ,30,new,google_maps_apify,2026-08-16
"Spartex","+7 727 344 1321","https://www.spartex.kz/about/contacts.php","Магазин автозапчастей","Алматы",KZ,15,new,google_maps_apify,2026-08-16
"ТОО ""Elementum"" Лабораторное оборудование","+7 727 338 5456","http://elementum.kz/","Магазин медицинского оборудования","Алматы",KZ,15,new,google_maps_apify,2026-08-16
"Одноразова посуда Астана","","","Магазин батарей и аккумуляторов","Алматы",KZ,15,new,google_maps_apify,2026-08-16
"Sportino","+7 707 677 5277","","Магазин одежды","Алматы",KZ,15,new,google_maps_apify,2026-08-16
"ТОО ""LITEHOUSE""","+7 727 346 1012","http://www.litehouse.kz/","Компания по автоматизации","Алматы",KZ,15,new,google_maps_apify,2026-08-16
"Orthomol","+7 775 114 5048","https://orthomol.kz/","Магазин витаминов и пищевых добавок","Алматы",KZ,15,new,google_maps_apify,2026-08-16
"ITHS ТОО","+7 777 275 3565","https://iths.kz/","Офис компании","Алматы",KZ,15,new,google_maps_apify,2026-08-16
"V-time Object Office","+7 727 312 1122","https://www.v-time.kz/","Магазин офисной мебели","Алматы",KZ,15,new,google_maps_apify,2026-08-16
"KERAMA MARAZZI","+7 727 310 8888","https://keramamarazzi.kz/","Магазин керамической плитки","Алматы",KZ,15,new,google_maps_apify,2026-08-16
"Алматы Оптика","+7 7272 67 07 10","https://optica.kz/","Оптика","Алматы",KZ,30,new,google_maps_apify,2026-08-16
"First National Company","+7 777 269 0044","https://fnc.kz/","Поставщик офисного оборудования","Алматы",KZ,15,new,google_maps_apify,2026-08-16
"Зверьё Моё","+7 708 972 1599","","Зоомагазин","Алматы",KZ,15,new,google_maps_apify,2026-08-16
"Whoopie cakes","+7 705 225 5833","http://whoopiecafe.kz/almaty","Кафе-кондитерская","Алматы",KZ,45,new,google_maps_apify,2026-08-16
"Sachiko Olzha Products","+7 727 374 3009","","Производитель","Алматы",KZ,15,new,google_maps_apify,2026-08-16
"Ешь Фрукт","+7 707 222 2882","","Магазин овощей и фруктов","Алматы",KZ,15,new,google_maps_apify,2026-08-16
"КазМебельГрупп","+7 727 335 3223","http://www.kazmebelgroup.kz/","Магазин мебели","Алматы",KZ,15,new,google_maps_apify,2026-08-16
"Мир добавок в бетон, пенобетон","+7 777 715 8961","https://vbeton.kz/","Оптовая продажа строительных материалов","Алматы",KZ,15,new,google_maps_apify,2026-08-16
"CompOFF Сборка и ремонт компьютеров, ноутбуков Алматы","+7 707 350 4195","https://remontcomp.kz/","Ремонт компьютеров","Алматы",KZ,15,new,google_maps_apify,2026-08-16
"Qmax-Vision","+7 7272 93 01 72","https://qmax-vision.kz/","Интернет-магазин","Алматы",KZ,15,new,google_maps_apify,2026-08-16
"HappyCake","+7 707 777 1144","https://happycake.kz/almaty","Кондитерская","Алматы",KZ,15,new,google_maps_apify,2026-08-16
"Team Orange","+7 705 966 8888","http://teamorange.kz/contact/about-us.html","Магазин мебели","Алматы",KZ,15,new,google_maps_apify,2026-08-16
"StockWear","+7 702 388 7546","https://stockwear.kz/","Оптовая торговля","Алматы",KZ,15,new,google_maps_apify,2026-08-16
"Impeks","+7 727 390 6465","http://www.impeks.kz/address","Оптовая торговля","Алматы",KZ,15,new,google_maps_apify,2026-08-16
"Кубарик","+7 701 971 5704","https://kubarik.kz/","Магазин канцелярских товаров","Алматы",KZ,30,new,google_maps_apify,2026-08-16
"Fashion Avenue","+7 777 035 7075","https://mssg.me/forusgroup","Торговый центр","Алматы",KZ,45,new,google_maps_apify,2026-08-16
"Коробка для торта, Коробки для клубники в шоколаде","+7 707 430 1020","http://www.pizzatort.kz/","Упаковка продовольственных товаров","Алматы",KZ,15,new,google_maps_apify,2026-08-16
"Компания ТОО ""АльянсЭксперт""","+7 707 467 0770","https://alyansfavorit.kz/","Оптовая торговля","Алматы",KZ,15,new,google_maps_apify,2026-08-16
"ФрутоНяшки","+7 707 147 2582","","Поставщик продуктов питания","Алматы",KZ,15,new,google_maps_apify,2026-08-16
"ТОО «АСТРА»","+7 707 108 5505","http://www.astraprint.kz/","Поставщик офисного оборудования","Алматы",KZ,15,new,google_maps_apify,2026-08-16
"JEWELUX - Ювелирная Компания","+7 707 900 2340","","Ювелирный магазин","Алматы",KZ,15,new,google_maps_apify,2026-08-16
"DNS","+7 800 080-70-48","https://dns-shop.kz/","Магазин бытовой техники","Алматы",KZ,15,new,google_maps_apify,2026-08-16
"103Apteka","+7 727 346 9392","https://103apteka.kz/","Аптека","Алматы",KZ,30,new,google_maps_apify,2026-08-16
"ТОО ""Копимастер""","+7 727 381 0440","","Поставщик офисного оборудования","Алматы",KZ,15,new,google_maps_apify,2026-08-16
"ЦТО АБ Капитал ( AB Capital )","+7 727 327 1770","http://www.abcapital.kz/","Оптовая торговля","Алматы",KZ,15,new,google_maps_apify,2026-08-16
"ТехноGRAD","+7 727 346 3333","https://tgrad.kz/","Магазин бытовой техники","Алматы",KZ,60,new,google_maps_apify,2026-08-16
"Склад автозапчастей","+7 775 328 3999","","Магазин автозапчастей","Алматы",KZ,15,new,google_maps_apify,2026-08-16
"Сеть зоомагазинов ""Живой Мир""","+7 771 409 9922","https://zhivoimir.kz/","Зоомагазин","Алматы",KZ,75,new,google_maps_apify,2026-08-16
"ТД Пассаж","+7 7272 73 24 21","","Торговый центр","Алматы",KZ,75,new,google_maps_apify,2026-08-16
"ТОО ""Novoteh S&A""","+7 777 370 1598","http://dezsredstva.kz/","Оптовая торговля","Алматы",KZ,15,new,google_maps_apify,2026-08-16
"SHAMS","+7 702 257 4551","","Оптовая торговля","Алматы",KZ,15,new,google_maps_apify,2026-08-16
"ТОО ВебПак","+7 727 310 8506","https://webpack.kz/","Магазин упаковки","Алматы",KZ,15,new,google_maps_apify,2026-08-16
"Atomy Kazakhstan LLP","+7 727 341 0151","","Оптовая торговля","Алматы",KZ,15,new,google_maps_apify,2026-08-16
"AutoBoom","+7 776 750 0151","https://forcar.kz/","Магазин автоаксессуаров","Алматы",KZ,45,new,google_maps_apify,2026-08-16
"MOREFITNESS","+7 701 631 1089","","Оптовая торговля","Алматы",KZ,15,new,google_maps_apify,2026-08-16
"ТОО Дубль В Евразия","+7 7272 62 08 86","","Поставщик бумажной продукции","Алматы",KZ,15,new,google_maps_apify,2026-08-16
"ТОО ""ОСТ ""Окрасочные системы и технологии""","+7 701 029 2054","https://colormarket.kz/contacts","Служба дистрибуции","Алматы",KZ,15,new,google_maps_apify,2026-08-16
"АДДЕКС","+7 701 721 0500","https://addex.kz/","Оптовая торговля","Алматы",KZ,15,new,google_maps_apify,2026-08-16
"Goods","+7 707 868 5661","https://good-parts.kz/","Магазин запчастей и аксессуаров для грузовиков","Алматы",KZ,15,new,google_maps_apify,2026-08-16
"Greenland_almaty","","","Цветочный магазин","Алматы",KZ,15,new,google_maps_apify,2026-08-16
"Алемвет","+7 7272 41 27 42","http://alemvet.com/","Ветеринарная аптека","Алматы",KZ,30,new,google_maps_apify,2026-08-16
"DNS","+7 705 751 2216","https://dns-shop.kz/","Магазин бытовой техники","Алматы",KZ,15,new,google_maps_apify,2026-08-16
"HappyCake","+7 707 777 1144","https://happycake.kz/almaty","Кондитерская","Алматы",KZ,15,new,google_maps_apify,2026-08-16
"Продукты питания","","","Продовольственный магазин","Алматы",KZ,15,new,google_maps_apify,2026-08-16
"Швейная фурнитура Атакент","+7 777 705 2611","https://www.instagram.com/shveinaya_furnitura_atakent/","Магазин товаров для рукоделия","Алматы",KZ,75,new,google_maps_apify,2026-08-16
"Ясен Перец","+7 777 822 1133","https://yapepper.kz/","Магазин","Алматы",KZ,15,new,google_maps_apify,2026-08-16
"iTell","+7 727 339 2123","","Магазин электроники","Алматы",KZ,45,new,google_maps_apify,2026-08-16
"Urban Style","","","Оптовая продажа велосипедов","Алматы",KZ,15,new,google_maps_apify,2026-08-16
"Кондитерский цех ""КарамеЛь""","+7 707 812 1022","","Магазин тортов","Алматы",KZ,15,new,google_maps_apify,2026-08-16
"Neocom","+7 727 355 5303","http://neocompany.kz/","Офис компании","Алматы",KZ,15,new,google_maps_apify,2026-08-16
"MasterKaz","+7 705 554 0615","https://masterkaz.kz/","Строительный магазин","Алматы",KZ,15,new,google_maps_apify,2026-08-16
"iPhone в Рассрочку iRassrochka","+7 777 547 7252","https://irassrochka.kz/","Оптовая продажа электроники","Алматы",KZ,15,new,google_maps_apify,2026-08-16
"ТОО LED SET светодиодное освещение","+7 707 290 5454","https://ledset.kz/","Магазин осветительных приборов","Алматы",KZ,15,new,google_maps_apify,2026-08-16
"A-Computers - Магазин компьютерной техники и электроники","+7 727 375 0005","http://acomputers.kz/","Компьютерный магазин","Алматы",KZ,30,new,google_maps_apify,2026-08-16
"Сплав","+7 727 328 3789","https://splav.ru/?utm_medium=map&utm_source=map_google","Товары для спорта и туризма","Алматы",KZ,15,new,google_maps_apify,2026-08-16
"Flexcom компьютеры, моноблоки, ноутбуки, комплектующие, мониторы, периферия, оргтехника, мультимедиа, игровая мебель Алматы","+7 707 702 6050","https://flexcom.kz/","Интернет-магазин","Алматы",KZ,15,new,google_maps_apify,2026-08-16
"Автоинструмент Алматы-JUST-TOOLS.KZ","+7 747 928 6180","http://just-tools.kz/","Оптовая продажа инструмента","Алматы",KZ,15,new,google_maps_apify,2026-08-16
"HappyCake","+7 707 777 1144","https://happycake.kz/almaty","Кондитерская","Алматы",KZ,15,new,google_maps_apify,2026-08-16
"Дани Нан","","","Магазин","Алматы",KZ,15,new,google_maps_apify,2026-08-16
"i2ar - Рекламно-производственная компания","+7 708 970 7331","https://i2ar.kz/","Магазин футболок","Алматы",KZ,15,new,google_maps_apify,2026-08-16
"Overclockers","+7 771 013 0020","https://over-shop.kz/","Оптовая продажа компьютерной техники","Алматы",KZ,15,new,google_maps_apify,2026-08-16
"Зажигалки","+7 777 817 1727","","Магазин","Алматы",KZ,15,new,google_maps_apify,2026-08-16
"Tsmart","","http://tsmart.kz/","Интернет-магазин","Алматы",KZ,15,new,google_maps_apify,2026-08-16
"Торты","+7 707 579 5050","","Магазин тортов","Алматы",KZ,15,new,google_maps_apify,2026-08-16
"Выкуп швейцарских часов VIPLOMBARD","+7 778 700 7777","https://lombard-watch.kz/","Ремонт часов","Алматы",KZ,15,new,google_maps_apify,2026-08-16
"Ломбард ""АРЖАН""","+7 7272 73 83 48","http://arj.kz/ru/page/nashi-filialy","Ломбард","Алматы",KZ,15,new,google_maps_apify,2026-08-16
"Parlife","+7 778 220 0077","","Магазин электронных сигарет и аксессуаров к ним","Алматы",KZ,15,new,google_maps_apify,2026-08-16
"Hafele Kazakhstan","+7 701 084 0467","http://hafele.kz/","Поставщик мебельной фурнитуры","Алматы",KZ,15,new,google_maps_apify,2026-08-16
"Eco Print","+7 727 378 2928","http://ecoprint.kz/","Поставщик офисного оборудования","Алматы",KZ,15,new,google_maps_apify,2026-08-16
"Infolife Computers, LLC","+7 7272 25 90 34","http://www.infolife.kz/","Компьютерный магазин","Алматы",KZ,15,new,google_maps_apify,2026-08-16
"HappyCake","+7 707 777 1144","https://happycake.kz/almaty","Кондитерская","Алматы",KZ,15,new,google_maps_apify,2026-08-16
"Copyservice","+7 771 459 6760","https://copy.kz/","Оптовая продажа офисного оборудования","Алматы",KZ,15,new,google_maps_apify,2026-08-16
"Природный камень, Плитняк, Песчаник","+7 777 153 3335","https://www.camen.kz/","Оптовая торговля","Алматы",KZ,15,new,google_maps_apify,2026-08-16
"Фурнитура для стекла Алматы","+7 701 958 3624","","Строительная компания","Алматы",KZ,15,new,google_maps_apify,2026-08-16
"Foras Trading","+7 777 269 9999","","Поставщик бытовой химии","Алматы",KZ,15,new,google_maps_apify,2026-08-16
"ТД ""Дархан""","","","Торговый центр","Алматы",KZ,45,new,google_maps_apify,2026-08-16
"1000 мелочей","","","Магазин товаров для дома","Алматы",KZ,30,new,google_maps_apify,2026-08-16
"Rosalie Flowers","+7 747 094 1136","https://cvetyvalmaty.kz/","Доставка цветов","Алматы",KZ,60,new,google_maps_apify,2026-08-16
"ТОО ""Альфа Марс""","+7 777 236 6130","https://alfamars.kz/about_us","Производитель","Алматы",KZ,15,new,google_maps_apify,2026-08-16
"Mittiko","+7 777 845 2258","http://www.instagram.com/mittikoooo","Оптовая продажа товаров повседневного спроса","Алматы",KZ,15,new,google_maps_apify,2026-08-16
"Любимцы","+7 707 101 6949","http://lubimci.kz/","Зоомагазин","Алматы",KZ,45,new,google_maps_apify,2026-08-16
"КОЖМАРКЕТ, кожа натуральная в г. Алматы","+7 702 111 9326","http://kozhmarket.kz/","Оптовая продажа кожи","Алматы",KZ,15,new,google_maps_apify,2026-08-16
"Boston","","","Продажа алмазов","Алматы",KZ,15,new,google_maps_apify,2026-08-16
"Kanc.Asia","+7 7272 21 88 88","","Интернет-магазин","Алматы",KZ,15,new,google_maps_apify,2026-08-16
"ПрОфис","+7 705 777 6651","","Интернет-магазин","Алматы",KZ,15,new,google_maps_apify,2026-08-16
"ТОО Литан","+7 727 385 9494","http://www.kanc.kz/","Поставщик бумажной продукции","Алматы",KZ,15,new,google_maps_apify,2026-08-16
"DONG LONG","+7 700 555 4072","","Склад","Алматы",KZ,15,new,google_maps_apify,2026-08-16
"АДЕКА","+7 747 028 8808","http://vagonka-v-almaty.kz/","Магазин пиломатериалов","Алматы",KZ,30,new,google_maps_apify,2026-08-16
"ТОО Тасти","+7 778 376 8888","","Торговый центр","Алматы",KZ,30,new,google_maps_apify,2026-08-16
"Adalex","+7 707 744 9221","https://adalex.kz/","Оптовая продажа предметов гигиены","Алматы",KZ,15,new,google_maps_apify,2026-08-16
"Керамогранит и кафель в Алматы | Амал Констракш Трейд","+7 701 282 5464","http://www.amalstroy.kz/","Магазин керамической плитки","Алматы",KZ,30,new,google_maps_apify,2026-08-16
"Рыбные деликатесы","","","Рыбный магазин","Алматы",KZ,15,new,google_maps_apify,2026-08-16
"DNS","+7 800 080-70-22","https://dns-shop.kz/","Магазин бытовой техники","Алматы",KZ,15,new,google_maps_apify,2026-08-16
"ДомСтрой Алматы","+7 702 845 0597","","Магазин строительных товаров","Алматы",KZ,15,new,google_maps_apify,2026-08-16
"KANC","+7 7272 21 89 99","http://www.kanc.kz/","Интернет-магазин","Алматы",KZ,30,new,google_maps_apify,2026-08-16
"Tyres Trade - шины, диски","+7 747 557 7047","https://kaspi.kz/shop/search/?q=%3AallMerchants%3ATyresTrade&page=2","Магазин шин","Алматы",KZ,30,new,google_maps_apify,2026-08-16
"KFR «KAZFASTENER» Крепежные материалы","+7 771 070 7105","https://kazfastener.kz/","Оптовая продажа строительных материалов","Алматы",KZ,15,new,google_maps_apify,2026-08-16
"ТОО Suntec","+7 7272 22 09 00","","Магазин сантехники","Алматы",KZ,15,new,google_maps_apify,2026-08-16
"СТМС-С.К. ТОО","+7 701 808 2323","http://stmsgroup.kz/","Офис компании","Алматы",KZ,45,new,google_maps_apify,2026-08-16
"LogyCom","+7 7272 27 58 22","http://corp.logycom.kz/","Офис компании","Алматы",KZ,30,new,google_maps_apify,2026-08-16
"Averstroy ( Аверстрой ), ТОО","+7 777 596 1155","https://averstroy.all.biz/?utm_source=google&utm_medium=gmb&utm_term=gmb","Оптовая продажа строительных материалов","Алматы",KZ,15,new,google_maps_apify,2026-08-16
"ТОО ""Корпорация Держава""","+7 7272 25 42 67","","Магазин","Алматы",KZ,15,new,google_maps_apify,2026-08-16
"Docke Asia","+7 708 205 5380","http://www.docke.asia/","Оптовая продажа строительных материалов","Алматы",KZ,15,new,google_maps_apify,2026-08-16
"Цемент","+7 727 317 3527","https://almatycem.kz/contacts","Магазин строительных товаров","Алматы",KZ,15,new,google_maps_apify,2026-08-16
"Smart-G","+7 727 346 5566","","Оптовая продажа бытовой техники","Алматы",KZ,15,new,google_maps_apify,2026-08-16
"Yiwumart","+7 747 094 2745","https://www.instagram.com/yiwumartkz/","Магазин товаров для ресторанов","Алматы",KZ,15,new,google_maps_apify,2026-08-16
"Кенжехан","+7 707 105 5523","","Рынок","Алматы",KZ,75,new,google_maps_apify,2026-08-16
"YUNIS","+7 708 971 4298","http://yunis.kz/","Магазин тортов","Алматы",KZ,15,new,google_maps_apify,2026-08-16
"dulat.kz","+7 727 394 3971","https://dulat.kz/category/mebel/shkafy-metallicheskie/shkafchiki-i-paneli-dlya-klyuchej/","","Алматы",KZ,15,new,google_maps_apify,2026-08-16
"ТОО ""Айс Фуд""","+7 7272 92 71 96","https://konditerka.kz/","Поставка товаров для пищевых производств","Алматы",KZ,15,new,google_maps_apify,2026-08-16
"ТОО Москондитер","+7 701 715 3322","https://regionkonditer.kz/","Интернет-магазин","Алматы",KZ,15,new,google_maps_apify,2026-08-16
"Рауза-АДЕ, ТОО","+7 727 376 1131","","Аптека","Алматы",KZ,30,new,google_maps_apify,2026-08-16
"Comportal","+7 727 300 3020","","Оптовая торговля","Алматы",KZ,15,new,google_maps_apify,2026-08-16
"Ucontay","+7 727 313 7783","https://ucontay.kz/","Интернет-магазин","Алматы",KZ,15,new,google_maps_apify,2026-08-16
"Stonrog","+7 727 350 5055","","Магазин керамической плитки","Алматы",KZ,15,new,google_maps_apify,2026-08-16
"Краски, лаки,Эмаль,НЦ,ПФ, Умар Ти Алматы","+7 771 228 8127","","Магазин красок","Алматы",KZ,15,new,google_maps_apify,2026-08-16
"Du-Re mart, korean products","+7 771 852 6914","https://www.instagram.com/dure_mart.kz/?hl=en","Продовольственный магазин","Алматы",KZ,45,new,google_maps_apify,2026-08-16
"ТОО ""Гешефт трейд""","+7 727 341 0706","http://gesheft.kz/","Оптовая торговля","Алматы",KZ,15,new,google_maps_apify,2026-08-16
"Еламан","+7 7272 92 01 75","","Продовольственный магазин","Алматы",KZ,30,new,google_maps_apify,2026-08-16
"Зоомагазин ZooMart в ТРЦ Ритц-Палас","+7 777 812 4146","https://www.zoomart.kz/","Зоомагазин","Алматы",KZ,15,new,google_maps_apify,2026-08-16
"Нестле Фуд Казахстан, ТОО","+7 771 748 7278","http://www.nestle.com/","Офис компании","Алматы",KZ,15,new,google_maps_apify,2026-08-16
"Baby Room","+7 701 217 4822","http://babyroom.kz/","Магазин товаров для новорожденных","Алматы",KZ,15,new,google_maps_apify,2026-08-16
"БЦ ""Нурлы Тау"", Блок В","","http://nurlytau.kz/","Велопарковка","Алматы",KZ,15,new,google_maps_apify,2026-08-16
"LUBRITECH INDUSTRY","+7 727 355 1203","http://lubritechindustry.kz/","Оптовая торговля","Алматы",KZ,15,new,google_maps_apify,2026-08-16
"TOO ""Агровэй""","+7 701 344 2838","http://www.agroway.kz/","Оптовая торговля","Алматы",KZ,15,new,google_maps_apify,2026-08-16
"Decora Plaza","+7 777 483 8695","http://www.decoraplaza.kz/","Магазин","Алматы",KZ,15,new,google_maps_apify,2026-08-16
"Моторные масло, замена масло АКПП, МКПП AliAvtoOil, ОПТОМ И В РОЗНИЦУ замена колодки","+7 707 333 2075","","Магазин автоаксессуаров","Алматы",KZ,15,new,google_maps_apify,2026-08-16
"ТОО Хим-База","+7 777 312 7788","https://himbaza.kz/","Компания пищевой промышленности","Алматы",KZ,15,new,google_maps_apify,2026-08-16
"ARMTEK","+7 800 080-76-01","https://armtek.kz/","Магазин автозапчастей","Алматы",KZ,15,new,google_maps_apify,2026-08-16
"Talisman Horeca Service","+7 702 078 9578","https://talisman-horeca.kz/","Оптовая торговля","Алматы",KZ,15,new,google_maps_apify,2026-08-16
"Европейское моторное масло Divinol & Kroon-Oil оптом и в розницу","+7 747 196 0901","","Магазин автозапчастей","Алматы",KZ,15,new,google_maps_apify,2026-08-16
"GLOBALHAND","+7 7272 51 64 57","","Оптовая торговля","Алматы",KZ,15,new,google_maps_apify,2026-08-16
"Hotel Expert","+7 727 339 7900","http://hotel-expert.kz/","Оптовая торговля","Алматы",KZ,15,new,google_maps_apify,2026-08-16
"ТОО ""ПК ЭТАЛОН""","+7 778 805 0569","https://etalon-pc.kz/","Магазин сантехники","Алматы",KZ,15,new,google_maps_apify,2026-08-16
"Aewshop","","","Магазин косметики и парфюмерии","Алматы",KZ,15,new,google_maps_apify,2026-08-16
"Taza Mart","","https://tazamart.kz/","Оптовая торговля","Алматы",KZ,15,new,google_maps_apify,2026-08-16
"Dudar","+7 7272 47 98 47","https://dudar.kz/","Оптовая торговля","Алматы",KZ,30,new,google_maps_apify,2026-08-16
"Газонная трава - от DLF.KZ","+7 747 662 2858","http://dlf.kz/","Поставщик газонов","Алматы",KZ,15,new,google_maps_apify,2026-08-16
"Белорусские продукты № 1","+7 705 739 8000","https://belostan.kz/","Колбасные изделия","Алматы",KZ,15,new,google_maps_apify,2026-08-16
"рынок ""Ак Орда""","+7 708 971 2331","","Рынок","Алматы",KZ,60,new,google_maps_apify,2026-08-16
"Магазин Jasic","+7 727 327 5131","http://www.jasic.kz/","Всё для сварочных работ","Алматы",KZ,30,new,google_maps_apify,2026-08-16
"Трикотажные ткани","+7 701 362 2262","","Оптовая продажа тканей","Алматы",KZ,15,new,google_maps_apify,2026-08-16
"Кафельный Склад","+7 702 904 1133","","Магазин керамической плитки","Алматы",KZ,15,new,google_maps_apify,2026-08-16
"Комплекс-Бар КейЗет","+7 727 385 9325","https://complex-bar.kz/","Оптовая продажа посуды из стекла","Алматы",KZ,15,new,google_maps_apify,2026-08-16
"SBSANBEL.KZ - Строительные инструменты и оборудование","+7 776 214 1515","https://sbsanbel.kz/","Магазин строительных товаров","Алматы",KZ,15,new,google_maps_apify,2026-08-16
"ЭКО ФЕРМА КХ ""СЛАВЯНКА""","+7 777 242 2859","https://slavyanka.kz/","Молочная ферма","Алматы",KZ,15,new,google_maps_apify,2026-08-16
"Akbastau Gardens","+7 701 720 6192","","Питомник растений","Алматы",KZ,15,new,google_maps_apify,2026-08-16
"DiamondPet","+7 7272 79 48 45","https://dpet.kz/","Зоомагазин","Алматы",KZ,45,new,google_maps_apify,2026-08-16
"Akb02.kz Самые низкие цены гарантируем.","+7 701 222 0649","http://www.akb02.kz/","Оптовая продажа батарей","Алматы",KZ,15,new,google_maps_apify,2026-08-16
"Грузовые шины","+7 727 331 3324","","Магазин автозапчастей","Алматы",KZ,15,new,google_maps_apify,2026-08-16
"Garant-horeca","","","Оптовая торговля","Алматы",KZ,15,new,google_maps_apify,2026-08-16
"Ceramo Stone Group Ауэзова 2В","+7 701 643 7419","http://ceramostone.kz/","Строительный магазин","Алматы",KZ,45,new,google_maps_apify,2026-08-16
"Алемсервисплит","+7 747 814 8086","","Оптовая продажа промышленных химикатов","Алматы",KZ,15,new,google_maps_apify,2026-08-16
"SamStone","+7 771 758 4001","https://samstoneco.com/","Магазин керамической плитки","Алматы",KZ,15,new,google_maps_apify,2026-08-16
"Запчасти Онлайн","+7 778 134 7841","http://zapchasti-online.kz/","Автомастерская","Алматы",KZ,15,new,google_maps_apify,2026-08-16
"ТОО «SCK»","+7 7152 46 27 38","","Салон сотовой связи","Алматы",KZ,15,new,google_maps_apify,2026-08-16
"ТОО КазТехнолоджиПак","+7 727 378 8091","http://ktp-kz.com/","Оптовая торговля","Алматы",KZ,15,new,google_maps_apify,2026-08-16
"ТОО «ГАЗКОР»","+7 700 200 0300","https://gazkor.kz/","Оптовая торговля","Алматы",KZ,15,new,google_maps_apify,2026-08-16
"Magic Garden","+7 777 708 0134","https://irises.kz/","Питомник растений","Алматы",KZ,15,new,google_maps_apify,2026-08-16
"HAVVA HOME COLLECTİON","+90 542 124 22 96","","Магазин женской одежды","Алматы",KZ,15,new,google_maps_apify,2026-08-16
"Доставка товаров с 1688","+7 707 168 8707","https://www.1688.kz/contacts","","Алматы",KZ,15,new,google_maps_apify,2026-08-16
"Zardi Bag-In-Box","+7 707 991 2113","https://www.zardi.kz/","Оптовая торговля","Алматы",KZ,15,new,google_maps_apify,2026-08-16
"ТОО ""БИКО""","+7 727 390 1437","http://www.shokmagazin.kz/","Офис компании","Алматы",KZ,15,new,google_maps_apify,2026-08-16
"Тастак","+7 778 920 6786","","Рынок","Алматы",KZ,75,new,google_maps_apify,2026-08-16
"Маолин","+7 777 008 8431","http://maolin.kz/","Производитель","Алматы",KZ,15,new,google_maps_apify,2026-08-16
"Solid Prof Group","","https://omega-auto-parts.kz/","Рынок автозапчастей","Алматы",KZ,15,new,google_maps_apify,2026-08-16
"ТОО ""Резервснаб плюс""","+7 7212 50 55 21","https://rezervsnabplus.kz/about_us","","Алматы",KZ,15,new,google_maps_apify,2026-08-16
"LULOO.KZ интернет-магазин","+7 707 251 2528","http://luloo.kz/","Магазин сувениров","Алматы",KZ,30,new,google_maps_apify,2026-08-16
"Строительные товары","+7 701 851 2967","https://instagram.com/1000_meloshey_almaty?utm_medium=copy_link","Магазин строительных товаров","Алматы",KZ,15,new,google_maps_apify,2026-08-16
"Тексан Батыр Teksan (TekLed)","+7 771 552 8447","https://www.tekledgroup.com/","Магазин электротоваров","Алматы",KZ,15,new,google_maps_apify,2026-08-16
"ИП АЛГАБАС - Магазин строительных материалов","+7 747 864 3600","","Поставщик стройматериалов","Алматы",KZ,15,new,google_maps_apify,2026-08-16
"Белорусские продукты № 1","+7 705 739 8000","https://belostan.kz/","Колбасные изделия","Алматы",KZ,15,new,google_maps_apify,2026-08-16
"Фанера оптом от ТОО ""МЖ Буилдинг""","+7 776 215 9570","https://mgbuilding.kz/","Оптовая продажа строительных материалов","Алматы",KZ,15,new,google_maps_apify,2026-08-16
"Магнат Трэйд","+7 701 715 0093","http://magnat-trade.com/","Поставщик рекламной сувенирной продукции","Алматы",KZ,15,new,google_maps_apify,2026-08-16
"Корейская косметика оптом","+7 747 094 4508","","Оптовая продажа косметики","Алматы",KZ,15,new,google_maps_apify,2026-08-16
"Liderpol","+7 701 980 7711","http://liderpol.kz/","Магазин напольных покрытий","Алматы",KZ,15,new,google_maps_apify,2026-08-16
"DNS","+7 800 080-70-22","https://dns-shop.kz/","Магазин бытовой техники","Алматы",KZ,15,new,google_maps_apify,2026-08-16
"Кафель оптом","+7 707 677 0852","","Магазин керамики","Алматы",KZ,15,new,google_maps_apify,2026-08-16
"Строй-Сити","+7 7272 45 18 96","","Торговый центр","Алматы",KZ,75,new,google_maps_apify,2026-08-16
"Raiber Stroy Invest","+7 708 769 2010","https://raiber.kz/","Поставщик отделочных материалов","Алматы",KZ,15,new,google_maps_apify,2026-08-16
"Global Trend Company","+7 775 433 0099","","Магазин здоровья и красоты","Алматы",KZ,15,new,google_maps_apify,2026-08-16
"""Shar Land"" Студия праздника","+7 747 270 0027","https://www.shar-land.kz/","Магазин воздушных шаров","Алматы",KZ,45,new,google_maps_apify,2026-08-16
"ZooMarket","+7 727 375 6290","http://zoomarket.kz/","Зоомагазин","Алматы",KZ,45,new,google_maps_apify,2026-08-16
"Giftware","+7 727 375 1515","http://giftware.kz/","Рекламное агентство","Алматы",KZ,15,new,google_maps_apify,2026-08-16
"ТОО ""Казполиснаб""","+7 702 576 0867","","Офис компании","Алматы",KZ,15,new,google_maps_apify,2026-08-16
"Zoomarket","+7 727 392 6207","http://www.zoomarket.kz/","Зоомагазин","Алматы",KZ,45,new,google_maps_apify,2026-08-16
"Модульная черепица | Композитная черепица |Vessel Group","+7 707 552 9103","http://vesselgroup.kz/","Строительная компания","Алматы",KZ,30,new,google_maps_apify,2026-08-16
"Магазин ""Ziled""","+7 700 646 4757","http://www.ziled.kz/","Магазин электротоваров","Алматы",KZ,15,new,google_maps_apify,2026-08-16
"Доставка Букетов","","http://pro-buket.kz/","Доставка цветов","Алматы",KZ,15,new,google_maps_apify,2026-08-16
"YAPOSHA SUSHI & PIZZA","+7 778 312 8400","http://yaposha-sushi.kz/","Доставка готовой еды","Алматы",KZ,45,new,google_maps_apify,2026-08-16
"ТОО ""Heliac""","+7 727 384 1481","","Магазин осветительных приборов","Алматы",KZ,15,new,google_maps_apify,2026-08-16
"NB-Parts - аксессуары и электроника","+7 701 940 2565","https://dealcom.kz/contacts","Магазин электроники","Алматы",KZ,15,new,google_maps_apify,2026-08-16
"Обувной магазин Shkers","+7 777 828 2522","","Обувной магазин","Алматы",KZ,15,new,google_maps_apify,2026-08-16
"Bath And Tile","+7 7272 75 29 37","http://www.salonbt.kz/","Магазин товаров для дома","Алматы",KZ,30,new,google_maps_apify,2026-08-16
"Всё для Автомаляра","+7 747 990 0000","","Магазин","Алматы",KZ,15,new,google_maps_apify,2026-08-16
"Maruna Farfor","+7 701 321 4445","https://www.instagram.com/maruna.farfor?igsh=MTlnbHV1bnowMWw5cw==","Магазин товаров для ресторанов","Алматы",KZ,15,new,google_maps_apify,2026-08-16
"Бижутерия и аксессуары","+7 771 684 9218","","Оптовая торговля за наличный расчёт без доставки товара","Алматы",KZ,15,new,google_maps_apify,2026-08-16
"BOHEMIA ELVIN TRADE","+7 777 517 0482","","Оптовая продажа посуды из стекла","Алматы",KZ,15,new,google_maps_apify,2026-08-16
"Track.satu.kz","+7 701 183 2020","http://www.track-info.kz/","Оптовая торговля","Алматы",KZ,15,new,google_maps_apify,2026-08-16
"INTERSHOPKZ","+7 775 450 9580","https://intershopkz.kz/","Оптовая торговля","Алматы",KZ,15,new,google_maps_apify,2026-08-16
"ТОО ЭЛЬВИН ТРЕЙД","+7 777 517 0482","","Магазин товаров для дома","Алматы",KZ,15,new,google_maps_apify,2026-08-16
"Компания LETS (IT интегратор)","+7 727 349 3340","http://lets.asia/","Оптовая продажа компьютерной техники","Алматы",KZ,15,new,google_maps_apify,2026-08-16
"Perspectiva","+7 778 781 1178","https://perspectiva.kz/","Ломбард","Алматы",KZ,15,new,google_maps_apify,2026-08-16
"Интернет-магазин ZooTovary.kz","+7 776 600 6060","","Зоомагазин","Алматы",KZ,15,new,google_maps_apify,2026-08-16
"FE Tech.","+7 701 743 7183","https://fetech.kz/","Магазин аудиоаппаратуры","Алматы",KZ,15,new,google_maps_apify,2026-08-16
"ТОО ""Феникс компани""","","","Офис","Алматы",KZ,15,new,google_maps_apify,2026-08-16
"Almaty Textile Group","","","Оптовая продажа тканей","Алматы",KZ,15,new,google_maps_apify,2026-08-16
"Интернет-магазин Meloris","+7 701 734 9169","","Служба дистрибуции","Алматы",KZ,15,new,google_maps_apify,2026-08-16
"ТОО ЕвроГостСнаб","+7 7272 44 86 41","","Магазин напольных покрытий","Алматы",KZ,15,new,google_maps_apify,2026-08-16
"Eagle Asia","+7 777 990 9903","http://www.eagleasia.co/","Импортно-экспортная компания","Алматы",KZ,15,new,google_maps_apify,2026-08-16
"Асбестоцементные, хризотилцементные трубы в Алматы -ТОО АВИМКОМ","+7 708 983 4403","https://avimcom.kz/","Оптовая торговля за наличный расчёт без доставки товара","Алматы",KZ,15,new,google_maps_apify,2026-08-16
"SeeOzone.kz-представители kraftool, зубр, auroraPro overman (оверман), holzmann","+7 700 173 3696","https://seeozone.kz/","Оптовая продажа инструмента","Алматы",KZ,45,new,google_maps_apify,2026-08-16
"1000 и 1 кафель","+7 701 410 6764","https://1001-kafel.satu.kz/","Магазин товаров для дома","Алматы",KZ,15,new,google_maps_apify,2026-08-16
"МАГАЗИН ЭЛЕКТРОИНСТРУМЕНТОВ, СТАНКОВ, ОБОРУДОВАНИЯ NKTRADE.KZ","+7 707 700 0562","https://nktrade.kz/","Оптовая продажа инструмента","Алматы",KZ,15,new,google_maps_apify,2026-08-16
"ТОО «ETALIN LIGHTING GROUP KAZAKHSTAN»","+7 727 356 1105","","Консультант по освещению","Алматы",KZ,15,new,google_maps_apify,2026-08-16
"Компания QURAL MARKET","+7 707 710 5500","","Магазин инструмента","Казахстан",KZ,15,new,google_maps_apify,2026-08-16
"ТОО ""БАТ"" Дистрибьютор фирмы NOVOL","+7 701 744 8338","https://batcolor.kz/contacts","Магазин красок","Алматы",KZ,15,new,google_maps_apify,2026-08-16
"TOO "" AGRONTIS ""","+7 776 214 9998","","Всё для сварочных работ","Алматы",KZ,15,new,google_maps_apify,2026-08-16
"UrbanLine Аксай","+7 700 164 6456","https://urbn.kz/","Магазин кальянов","Алматы",KZ,30,new,google_maps_apify,2026-08-16
"Hassanov Home мозаика и плитка","+7 707 117 0517","http://hassanovhome.kz/","Строительный магазин","Алматы",KZ,15,new,google_maps_apify,2026-08-16
"Нан-Хлеб","","","Пекарня с оптовым магазином-булочной","Алматы",KZ,15,new,google_maps_apify,2026-08-16
"Asian Media Textile","+7 7272 76 27 01","https://amtextile.all.biz/?utm_source=google&utm_medium=gmb&utm_term=gmb","Производитель","Алматы",KZ,15,new,google_maps_apify,2026-08-16
"Золотой Базар","+7 7272 30 10 10","","Ювелирный магазин","Алматы",KZ,15,new,google_maps_apify,2026-08-16
"Cosmex","+7 700 155 0909","https://cosmex.kz/","Магазин товаров для салонов красоты","Алматы",KZ,15,new,google_maps_apify,2026-08-16
"Русский ювелир","+7 7272 28 15 39","","Ювелирный магазин","Алматы",KZ,15,new,google_maps_apify,2026-08-16
"Darada","+7 701 324 7722","https://darada.kz/","Магазин запчастей и аксессуаров для грузовиков","Алматы",KZ,15,new,google_maps_apify,2026-08-16
"Line","+7 7272 27 30 49","http://line-ltd.kz/","Магазин осветительных приборов","Алматы",KZ,15,new,google_maps_apify,2026-08-16
"ПромТехСнаб","+7 727 329 7167","https://pts.com.kz/","Поставщик промышленного оборудования","Алматы",KZ,15,new,google_maps_apify,2026-08-16
"ТОО DKSTOK","+7 771 454 2830","https://dkstok.kz/","Оптовая торговля","Алматы",KZ,15,new,google_maps_apify,2026-08-16
"Интернет-магазин Орхидеи","+7 776 281 2808","https://orchids.kz/","Интернет-магазин","Алматы",KZ,15,new,google_maps_apify,2026-08-16
"Магазин Электроинструментов ""БиСиЭм""","+7 777 836 8222","https://bcm.kz/","Магазин инструмента","Алматы",KZ,30,new,google_maps_apify,2026-08-16
"Магазин BESTORG Service","+7 708 515 9531","http://bestorg.kz/","Магазин спецодежды","Алматы",KZ,15,new,google_maps_apify,2026-08-16
"IT Vendor ТОО","+7 707 421 6040","https://www.idpkz.kz/","Оптовая продажа компьютерной техники","Алматы",KZ,15,new,google_maps_apify,2026-08-16
"Каталог обуви INBLU Казахстан","+7 7272 47 87 79","http://inblu.kz/%D0%BA%D0%BE%D0%BD%D1%82%D0%B0%D0%BA%D1%82%D1%8B/","Оптовая торговля","Алматы",KZ,15,new,google_maps_apify,2026-08-16
"Mebelkaz","+7 747 205 8000","https://mebelkaz.kz/","Магазин корпусной мебели","Алматы",KZ,15,new,google_maps_apify,2026-08-16
"OTOS","+7 702 555 7818","http://otos.kz/","Магазин","Алматы",KZ,15,new,google_maps_apify,2026-08-16
"ТОО Теплоивест Азия","+7 727 338 7706","http://teploinvest.kz/","Поставщик отопительного оборудования","Алматы",KZ,30,new,google_maps_apify,2026-08-16
"ТОО ""КазПромИмпорт""","+7 700 180 0887","https://kazpromimport.kz/contacts","Поставщик научного оборудования","Алматы",KZ,15,new,google_maps_apify,2026-08-16
"EmerGem","+7 707 978 9202","http://emergem.kz/","Продажа алмазов","Алматы",KZ,15,new,google_maps_apify,2026-08-16
"Мебельные ткани ""Сактекс"" Saktex, Ткани для мебели Алматы, Мебельные ткани оптом и в розницу Алматы","+7 705 195 8822","https://www.instagram.com/mebelnye_tkani/","Оптовая продажа тканей","Алматы",KZ,15,new,google_maps_apify,2026-08-16
"ТОО Аккурат","+7 700 033 0055","https://accurat.kz/","Производитель","Алматы",KZ,15,new,google_maps_apify,2026-08-16
"Caspian Star Company","+7 778 850 2175","","Магазин керамической плитки","Алматы",KZ,15,new,google_maps_apify,2026-08-16
"ТОО НВ-ЛАБ Казахстан","+7 727 313 1348","https://www.nv-lab.kz/","Поставщик лабораторного оборудования","Алматы",KZ,15,new,google_maps_apify,2026-08-16
"Веломагазин Алматы ""TenaCity""","+7 707 055 5279","https://www.instagram.com/tenacity.kz/","Веломагазин","Алматы",KZ,15,new,google_maps_apify,2026-08-16
"DNS","+7 800 080-70-22","https://dns-shop.kz/","Магазин бытовой техники","Алматы",KZ,15,new,google_maps_apify,2026-08-16
"Подшипниковая компания СИНАЛ","+7 7272 79 34 54","","Оптовая торговля","Алматы",KZ,15,new,google_maps_apify,2026-08-16
"Аском","+7 778 746 3638","https://www.askom.kz/rus/contact/filialy/","Магазин автозапчастей","Алматы",KZ,15,new,google_maps_apify,2026-08-16
"DDP","+7 708 328 0808","","Интернет-магазин","Алматы",KZ,15,new,google_maps_apify,2026-08-16
"Химия и Технология","+7 727 333 6099","https://www.cht.kz/","Химический завод","Алматы",KZ,15,new,google_maps_apify,2026-08-16
"General Safety","+7 707 504 1994","http://www.generalsafety.kz/","Магазин спецодежды","Алматы",KZ,30,new,google_maps_apify,2026-08-16
"ТОО Арнал-1","+7 727 398 6692","http://www.too-arnal1.com/","Оптовая торговля","Алматы",KZ,15,new,google_maps_apify,2026-08-16
"Ламинат, паркет, двери, плинтуса - Masterpol","+7 705 187 5550","http://masterpol.kz/","Магазин напольных покрытий","Алматы",KZ,30,new,google_maps_apify,2026-08-16
"masterpol.kz","+7 705 187 5550","https://masterpol.kz/","Магазин напольных покрытий","Алматы",KZ,15,new,google_maps_apify,2026-08-16
"Сайдинг Trand Siding KZ","+7 778 170 0200","","Магазин кровельных материалов","Алматы",KZ,15,new,google_maps_apify,2026-08-16
"Premix Pro","+7 701 570 2246","https://www.instagram.com/premix.pro/","Поставщик отделочных материалов","Алматы",KZ,15,new,google_maps_apify,2026-08-16
"ТОО МСК-Импэкс","+7 7272 68 53 03","http://www.safetywear.kz/","Магазин спецодежды","Алматы",KZ,30,new,google_maps_apify,2026-08-16
"HappyCake","+7 707 777 1144","https://happycake.kz/almaty","Кондитерская","Алматы",KZ,15,new,google_maps_apify,2026-08-16
"Мечта Кондитера","+7 708 100 6301","https://www.instagram.com/mechta_konditera_almaty/","Кондитерский магазин","Алматы",KZ,15,new,google_maps_apify,2026-08-16
"Oilkixx","+7 775 235 0131","http://oilkixx.kz/","Магазин","Алматы",KZ,15,new,google_maps_apify,2026-08-16
"The Brutal Store","+7 702 660 6669","","Оптовая продажа косметики","Алматы",KZ,15,new,google_maps_apify,2026-08-16
"Geofiore","+7 708 716 3923","http://geofiore.kz/contacts","Питомник растений","Алматы",KZ,30,new,google_maps_apify,2026-08-16
"Сумки Чемоданы","+7 778 888 5558","","Магазин сумок","Алматы",KZ,15,new,google_maps_apify,2026-08-16
"Все для салонов красоты оптом и в розницу","","","Магазин товаров для салонов красоты","Алматы",KZ,15,new,google_maps_apify,2026-08-16
"Насосное оборудование Elit","+7 707 794 1268","https://www.instagram.com/elitpump.kz/","Магазин инструмента","Алматы",KZ,15,new,google_maps_apify,2026-08-16
"LIDER телевизоры , бытовая техника","","","Магазин бытовой техники","Алматы",KZ,15,new,google_maps_apify,2026-08-16
"P.I.T Rakhat","+7 706 625 0106","https://pittools.kz/","Оптовая продажа электроприборов","Алматы",KZ,15,new,google_maps_apify,2026-08-16
"Q_MARKETKZ","","","Магазин товаров для дома","Алматы",KZ,15,new,google_maps_apify,2026-08-16
"Филиал ТОО ""АШК"" в городе Алматы","+7 707 969 4989","","Магазин шин и дисков","Алматы",KZ,15,new,google_maps_apify,2026-08-16
"ТОО СКК-2000","+7 7272 59 85 98","https://stalkomplex.kz/","Оптовая торговля","Алматы",KZ,15,new,google_maps_apify,2026-08-16
"AGVISCOM ASIA","+7 707 276 8765","https://agviscom.kz/","Магазин компьютерных аксессуаров","Алматы",KZ,15,new,google_maps_apify,2026-08-16
"DNS","+7 705 751 2216","https://dns-shop.kz/","Магазин бытовой техники","Алматы",KZ,15,new,google_maps_apify,2026-08-16
"meat to eat","+7 707 248 4646","https://www.meattoeat.kz/","Магазин мясных продуктов","Алматы",KZ,15,new,google_maps_apify,2026-08-16
"ИП ТН Сервис","+7 747 524 2740","","Магазин шин","Алматы",KZ,15,new,google_maps_apify,2026-08-16
"laminat_dveri_stroi_siti","+7 747 547 6516","","Оптовая продажа строительных материалов","Алматы",KZ,15,new,google_maps_apify,2026-08-16
"Купить межкомнатные двери в Алматы","+7 705 187 5550","http://masterpol.kz/","Магазин дверей","Алматы",KZ,15,new,google_maps_apify,2026-08-16
"Saf Stone Ceramics","+7 701 842 4004","https://www.instagram.com/kafel_optom_almaty/","Магазин керамической плитки","Алматы",KZ,15,new,google_maps_apify,2026-08-16
"VOLTROOM","+7 707 310 4040","","Интернет-магазин","Алматы",KZ,15,new,google_maps_apify,2026-08-16
"Aspan Profile Technologies","+7 7272 46 36 13","http://aspan-pro.kz/","Торговый центр","Алматы",KZ,45,new,google_maps_apify,2026-08-16
